customer_id,last_txn,frequency,monetary,avg_txn,first_txn,categories,recency,R,F,M,rfm_score,rfm_total,rfm_avg_score,segment
60416207185,2020-12-31,2196,130130.12,59.25779599271402,2019-01-01,14,1,5,4,3,543,12,4.0,Loyal Customers
60422928733,2020-12-31,2200,144062.95,65.4831590909091,2019-01-03,14,1,5,4,4,544,13,4.33,Champions
60423098130,2020-12-31,738,71125.55,96.37608401084012,2019-01-01,14,1,5,1,2,512,8,2.67,New Customers
60427851591,2020-12-30,743,79863.25,107.48755047106326,2019-01-01,14,2,1,2,2,122,5,1.67,Lost
60487002085,2020-12-31,735,47111.24,64.09692517006802,2019-01-06,14,1,5,1,1,511,7,2.33,New Customers
60490596305,2020-12-31,1465,102510.17,69.97281228668942,2019-01-01,14,1,5,2,3,523,10,3.33,New Customers
60495593109,2020-12-31,742,48149.62,64.89167115902966,2019-01-01,14,1,5,2,1,521,8,2.67,New Customers
501802953619,2020-12-31,2194,141326.6,64.41504102096627,2019-01-01,14,1,5,4,3,543,12,4.0,Loyal Customers
501818133297,2020-04-25,8,4946.54,618.3175,2020-04-24,3,251,1,1,1,111,3,1.0,Lost
501828204849,2020-12-31,733,49224.42,67.15473396998635,2019-01-01,14,1,5,1,1,511,7,2.33,New Customers
501831082224,2020-12-31,1465,84939.02,57.978853242320824,2019-01-01,14,1,5,2,2,522,9,3.0,New Customers
501851115094,2019-03-25,15,6467.8099999999995,431.1873333333333,2019-03-24,5,648,1,1,1,111,3,1.0,Lost
501882822387,2020-12-30,742,54434.47,73.36181940700808,2019-01-01,14,2,1,2,2,122,5,1.67,Lost
501894933032,2019-07-14,7,3741.75,534.5357142857143,2019-07-13,3,537,1,1,1,111,3,1.0,Lost
501899453424,2020-12-31,2193,146199.7,66.66652986776106,2019-01-01,14,1,5,3,4,534,12,4.0,Loyal Customers
502012776709,2020-12-31,2924,184891.43,63.23236320109439,2019-01-01,14,1,5,5,4,554,14,4.67,Champions
502038091380,2020-12-31,2195,207155.66,94.3761548974943,2019-01-01,14,1,5,4,5,545,14,4.67,Champions
502049568400,2020-12-31,1463,96927.21,66.25236500341764,2019-01-01,14,1,5,2,3,523,10,3.33,New Customers
503848303379,2020-12-31,2202,136133.92,61.822851952770215,2019-01-01,14,1,5,4,3,543,12,4.0,Loyal Customers
503851367360,2020-07-09,10,4729.57,472.957,2020-07-08,6,176,1,1,1,111,3,1.0,Lost
503874407318,2020-12-31,3655,220226.2,60.25340629274966,2019-01-01,14,1,5,5,5,555,15,5.0,Champions
503886119844,2020-06-15,9,6319.63,702.1811111111111,2020-06-14,5,200,1,1,1,111,3,1.0,Lost
560881134780,2020-12-30,738,49139.97,66.58532520325204,2019-01-01,14,2,1,1,1,111,3,1.0,Lost
561942763351,2020-12-31,2199,192832.58,87.69103228740336,2019-01-01,14,1,5,4,5,545,14,4.67,Champions
565399283797,2020-12-31,737,73609.54,99.87725915875168,2019-01-01,14,1,5,1,2,512,8,2.67,New Customers
567868110212,2020-12-31,3644,304064.68,83.44255762897915,2019-01-01,14,1,5,5,5,555,15,5.0,Champions
568279015842,2020-12-31,1467,133241.27,90.82567825494205,2019-01-01,14,1,5,3,3,533,11,3.67,Loyal Customers
570273151375,2020-12-30,742,49892.98,67.24121293800539,2019-01-02,14,2,1,2,1,121,4,1.33,Lost
571314334723,2020-12-31,742,45445.82,61.2477358490566,2019-01-03,14,1,5,2,1,521,8,2.67,New Customers
571365235126,2020-12-31,4374,259784.87,59.39297439414723,2019-01-01,14,1,5,5,5,555,15,5.0,Champions
571465035400,2020-12-31,2920,270081.63,92.4937089041096,2019-01-01,14,1,5,4,5,545,14,4.67,Champions
571844099986,2020-12-31,2192,147807.24,67.4303102189781,2019-01-01,14,1,5,3,4,534,12,4.0,Loyal Customers
573283817795,2020-12-30,735,51612.32,70.22084353741496,2019-01-01,14,2,1,1,2,112,4,1.33,Lost
573860193545,2020-12-31,2927,173803.84,59.37951486163307,2019-01-01,14,1,5,5,4,554,14,4.67,Champions
577588686219,2020-12-31,2193,158572.56,72.30850889192887,2019-01-01,14,1,5,3,4,534,12,4.0,Loyal Customers
577891228931,2019-02-08,12,8789.74,732.4783333333334,2019-02-07,5,693,1,1,1,111,3,1.0,Lost
580954173374,2020-12-31,1468,96320.12,65.61316076294277,2019-01-01,14,1,5,3,3,533,11,3.67,Loyal Customers
581293083266,2020-12-31,2197,211948.55,96.47180245789713,2019-01-01,14,1,5,4,5,545,14,4.67,Champions
581508178315,2020-12-29,733,75223.39,102.62399727148704,2019-01-01,14,3,1,1,2,112,4,1.33,Lost
581686439828,2020-12-31,3653,213987.9,58.57867506159321,2019-01-01,14,1,5,5,5,555,15,5.0,Champions
583699482621,2020-12-31,2195,161204.07,73.44148974943053,2019-01-01,14,1,5,4,4,544,13,4.33,Champions
584673555952,2020-12-31,2910,181995.58,62.54143642611683,2019-01-01,14,1,5,4,4,544,13,4.33,Champions
586100864972,2020-09-24,12,9874.94,822.9116666666667,2020-09-23,5,99,1,1,1,111,3,1.0,Lost
630412733309,2020-12-31,736,41959.52,57.010217391304344,2019-01-01,14,1,5,1,1,511,7,2.33,New Customers
630423337322,2020-12-31,4362,244612.73,56.07811325080239,2019-01-01,14,1,5,5,5,555,15,5.0,Champions
630424987505,2020-12-31,4376,255964.09,58.49270795246801,2019-01-01,14,1,5,5,5,555,15,5.0,Champions
630425673344,2020-12-31,2199,153951.33000000002,70.00969986357435,2019-01-01,14,1,5,4,4,544,13,4.33,Champions
630441765090,2020-12-31,2917,189940.07,65.114868015084,2019-01-01,14,1,5,4,4,544,13,4.33,Champions
630451534402,2020-12-31,4374,266240.9,60.86897576588935,2019-01-01,14,1,5,5,5,555,15,5.0,Champions
630469040731,2020-12-31,2917,176519.52,60.514062392869384,2019-01-01,14,1,5,4,4,544,13,4.33,Champions
630471368021,2020-12-31,738,71692.17,97.14386178861788,2019-01-01,14,1,5,1,2,512,8,2.67,New Customers
630484879808,2020-12-31,2923,276267.37,94.51500855285666,2019-01-01,14,1,5,5,5,555,15,5.0,Champions
639023984367,2020-12-31,3650,225010.86,61.646810958904105,2019-01-01,14,1,5,5,5,555,15,5.0,Champions
639030014711,2020-12-31,1467,133024.56,90.67795501022495,2019-01-01,14,1,5,3,3,533,11,3.67,Loyal Customers
639046421587,2020-12-31,1469,143423.68,97.63354663036078,2019-01-01,14,1,5,3,4,534,12,4.0,Loyal Customers
639077309909,2020-12-31,733,45014.81,61.411746248294676,2019-01-01,14,1,5,1,1,511,7,2.33,New Customers
639095706599,2020-12-31,733,46918.29,64.00858117326058,2019-01-01,14,1,5,1,1,511,7,2.33,New Customers
675909898057,2020-12-31,1470,126944.45999999999,86.35677551020407,2019-01-03,14,1,5,3,3,533,11,3.67,Loyal Customers
675945690716,2020-12-31,2203,128768.9,58.45161143894689,2019-01-01,14,1,5,4,3,543,12,4.0,Loyal Customers
675961917837,2020-12-29,743,64338.61,86.59301480484523,2019-01-01,14,3,1,2,2,122,5,1.67,Lost
675990301623,2020-12-31,2930,160154.42,54.660211604095565,2019-01-01,14,1,5,5,4,554,14,4.67,Champions
676102124465,2020-12-31,2916,276780.31,94.91780178326475,2019-01-01,14,1,5,4,5,545,14,4.67,Champions
676118385837,2020-12-31,1465,96489.47,65.86311945392491,2019-01-03,14,1,5,2,3,523,10,3.33,New Customers
676148621961,2020-12-31,1470,92524.59,62.94189795918367,2019-01-01,14,1,5,3,2,532,10,3.33,Need Attention
676173792455,2020-12-31,2191,149273.68,68.13038795070743,2019-01-01,14,1,5,3,4,534,12,4.0,Loyal Customers
676179782773,2019-09-29,11,8247.53,749.7754545454546,2019-09-28,4,460,1,1,1,111,3,1.0,Lost
676195318214,2020-12-31,2916,169544.61,58.14287037037037,2019-01-01,14,1,5,4,4,544,13,4.33,Champions
676234256292,2020-12-30,736,71240.3,96.79388586956522,2019-01-01,14,2,1,1,2,112,4,1.33,Lost
676245600876,2020-12-31,1470,104111.79,70.8243469387755,2019-01-01,14,1,5,3,3,533,11,3.67,Loyal Customers
676248282243,2020-12-31,1467,94872.13,64.67084526244035,2019-01-01,14,1,5,3,2,532,10,3.33,Need Attention
676275912597,2020-12-31,744,80628.4,108.37150537634407,2019-01-01,14,1,5,2,2,522,9,3.0,New Customers
676281772837,2020-12-31,2195,161036.82,73.36529384965831,2019-01-01,14,1,5,4,4,544,13,4.33,Champions
676292294938,2020-12-30,735,49174.95,66.90469387755101,2019-01-03,14,2,1,1,1,111,3,1.0,Lost
676298633337,2020-12-31,2192,125001.32,57.0261496350365,2019-01-01,14,1,5,3,3,533,11,3.67,Loyal Customers
676308307625,2020-12-31,741,49395.87,66.66109311740891,2019-01-01,14,1,5,2,1,521,8,2.67,New Customers
676309913934,2020-12-31,1464,83508.84,57.04155737704918,2019-01-01,14,1,5,2,2,522,9,3.0,New Customers
676314217768,2020-12-30,731,66863.71,91.46882352941178,2019-01-01,14,2,1,1,2,112,4,1.33,Lost
676326610042,2020-12-31,741,66847.38,90.21238866396762,2019-01-01,14,1,5,2,2,522,9,3.0,New Customers
676327197445,2019-10-20,8,6197.95,774.74375,2019-10-19,4,439,1,1,1,111,3,1.0,Lost
676369110710,2020-12-31,2925,170065.43,58.14202735042735,2019-01-01,14,1,5,5,4,554,14,4.67,Champions
676372984911,2020-12-31,3649,219198.48,60.07083584543711,2019-01-01,14,1,5,5,5,555,15,5.0,Champions
4006047418382,2020-12-31,1466,93042.92,63.46720327421555,2019-01-01,14,1,5,2,2,522,9,3.0,New Customers
4026222041577,2020-12-31,742,67507.11,90.97993261455525,2019-01-02,14,1,5,2,2,522,9,3.0,New Customers
4066595222529,2020-12-31,2192,138963.23,63.39563412408759,2019-01-01,14,1,5,3,3,533,11,3.67,Loyal Customers
4076173495454,2019-03-23,12,7807.280000000001,650.6066666666667,2019-03-22,5,650,1,1,1,111,3,1.0,Lost
4079773899158,2020-12-31,2921,178175.31,60.99805203697364,2019-01-01,14,1,5,4,4,544,13,4.33,Champions
4103158249977,2020-12-31,740,74743.76,101.00508108108107,2019-01-02,14,1,5,2,2,522,9,3.0,New Customers
4149635823017,2020-12-31,2917,173935.15,59.62809393212204,2019-01-01,14,1,5,4,4,544,13,4.33,Champions
4158008602445,2020-12-31,739,42092.01,56.9580649526387,2019-01-01,14,1,5,2,1,521,8,2.67,New Customers
4169388510116,2020-12-31,2186,136261.0,62.33348581884721,2019-01-01,14,1,5,3,3,533,11,3.67,Loyal Customers
4186530744674,2020-12-31,2192,147741.39,67.40026916058395,2019-01-01,14,1,5,3,4,534,12,4.0,Loyal Customers
4189814094741,2020-12-31,736,44543.02,60.52040760869565,2019-01-01,14,1,5,1,1,511,7,2.33,New Customers
4195740185974,2020-12-29,1470,96467.48,65.62413605442177,2019-01-01,14,3,1,3,3,133,7,2.33,Need Attention
4198470814557,2020-12-31,2928,172130.36,58.7876912568306,2019-01-01,14,1,5,5,4,554,14,4.67,Champions
4220345354880,2020-12-31,2200,152314.17,69.23371363636365,2019-01-01,14,1,5,4,4,544,13,4.33,Champions
4239436242473,2020-12-31,1466,87905.46,59.96279672578445,2019-01-01,14,1,5,2,2,522,9,3.0,New Customers
4247921790666,2020-12-31,2189,150214.16,68.62227501142074,2019-01-01,14,1,5,3,4,534,12,4.0,Loyal Customers
4259996134423,2020-12-31,1467,100702.94,68.6454942058623,2019-01-01,14,1,5,3,3,533,11,3.67,Loyal Customers
4260128500325,2020-12-31,2199,162108.76,73.71930877671669,2019-01-02,14,1,5,4,4,544,13,4.33,Champions
4279161831637,2020-12-31,1465,87453.63,59.69531058020478,2019-01-01,14,1,5,2,2,522,9,3.0,New Customers
4294930380592,2020-12-31,2928,172806.87,59.01873975409836,2019-01-01,14,1,5,5,4,554,14,4.67,Champions
4295296907373,2020-10-25,6,4272.48,712.0799999999999,2020-10-25,4,68,1,1,1,111,3,1.0,Lost
4306630852918,2020-12-31,1465,108252.31,73.89236177474403,2019-01-01,14,1,5,2,3,523,10,3.33,New Customers
4383521454815,2020-12-31,1467,94371.12,64.32932515337423,2019-01-03,14,1,5,3,2,532,10,3.33,Need Attention
4393520897625,2020-12-31,1467,149151.42,101.67104294478528,2019-01-01,14,1,5,3,4,534,12,4.0,Loyal Customers
4396682467723,2020-12-31,737,51039.3,69.2527815468114,2019-01-04,14,1,5,1,1,511,7,2.33,New Customers
4427805710168,2020-12-31,2198,100902.22,45.906378525932666,2019-01-02,14,1,5,4,3,543,12,4.0,Loyal Customers
4440581794652,2020-12-29,736,53112.76,72.16407608695653,2019-01-01,14,3,1,1,2,112,4,1.33,Lost
4457486401506,2019-11-20,10,6263.21,626.321,2019-11-19,6,408,1,1,1,111,3,1.0,Lost
4464457352619,2020-12-31,3646,217548.78,59.66779484366429,2019-01-01,14,1,5,5,5,555,15,5.0,Champions
4471568287204,2020-12-30,1459,96832.56,66.36912954078136,2019-01-01,14,2,1,2,3,123,6,2.0,Need Attention
4476840372112,2020-12-31,2922,153308.99,52.46714236824093,2019-01-01,14,1,5,4,4,544,13,4.33,Champions
4481131401752,2020-12-31,1468,84002.96,57.22272479564033,2019-01-01,14,1,5,3,2,532,10,3.33,Need Attention
4500002361389,2020-12-31,2927,178317.8,60.92169456781687,2019-01-01,14,1,5,5,4,554,14,4.67,Champions
4505383113689,2020-12-31,1465,103247.76,70.4762866894198,2019-01-01,14,1,5,2,3,523,10,3.33,New Customers
4538566639857,2020-12-31,2198,149160.46,67.8619017288444,2019-01-01,14,1,5,4,4,544,13,4.33,Champions
4561546772499,2020-12-31,3650,219163.8,60.044876712328765,2019-01-01,14,1,5,5,5,555,15,5.0,Champions
4561892980175,2020-12-31,1471,97430.14,66.23394969408565,2019-01-01,14,1,5,3,3,533,11,3.67,Loyal Customers
4562827002127,2020-12-31,1471,94403.94,64.17670972127804,2019-01-05,14,1,5,3,2,532,10,3.33,Need Attention
4585132874641,2020-12-31,2201,125143.24,56.85744661517492,2019-01-01,14,1,5,4,3,543,12,4.0,Loyal Customers
4586260469584,2020-12-31,2925,188175.07,64.33335726495727,2019-01-01,14,1,5,5,4,554,14,4.67,Champions
4593569795412,2019-02-26,19,8431.93,443.78578947368425,2019-02-25,7,675,1,1,1,111,3,1.0,Lost
4598025465633,2019-11-03,9,4404.16,489.3511111111111,2019-11-02,5,425,1,1,1,111,3,1.0,Lost
4600155880464,2020-12-31,736,53171.89,72.24441576086956,2019-01-04,14,1,5,1,2,512,8,2.67,New Customers
4601636330889,2020-12-31,1466,100006.81,68.2174693042292,2019-01-01,14,1,5,2,3,523,10,3.33,New Customers
4605902936394,2020-12-31,738,57738.34,78.23623306233061,2019-01-01,14,1,5,2,2,522,9,3.0,New Customers
4613314721966,2020-12-31,2194,212637.94,96.91793072014585,2019-01-01,14,1,5,4,5,545,14,4.67,Champions
4623560839669,2020-12-31,2921,193859.2,66.36740842177336,2019-01-01,14,1,5,4,5,545,14,4.67,Champions
4629125581019,2019-12-30,12,8511.91,709.3258333333333,2019-12-29,6,368,1,1,1,111,3,1.0,Lost
4640395708703,2020-12-31,2917,177478.9,60.84295509084676,2019-01-01,14,1,5,4,4,544,13,4.33,Champions
4642894980163,2020-12-31,2922,171496.72,58.6915537303217,2019-01-01,14,1,5,4,4,544,13,4.33,Champions
4658117080136,2020-12-31,1462,98998.72,67.71458276333789,2019-01-01,14,1,5,2,3,523,10,3.33,New Customers
4681699462969,2020-12-31,3652,215282.22,58.949129244249725,2019-01-01,14,1,5,5,5,555,15,5.0,Champions
4683638447911,2020-12-31,2925,278253.92,95.12954529914529,2019-01-01,14,1,5,5,5,555,15,5.0,Champions
4687263141103,2020-12-31,740,46115.18,62.31781081081081,2019-01-01,14,1,5,2,1,521,8,2.67,New Customers
4745996322265,2020-12-31,4384,332099.67,75.75266195255475,2019-01-01,14,1,5,5,5,555,15,5.0,Champions
4748866581408,2020-05-29,10,7131.84,713.184,2020-05-28,6,217,1,1,1,111,3,1.0,Lost
4755696071492,2020-12-31,3651,230715.81,63.19249794576828,2019-01-01,14,1,5,5,5,555,15,5.0,Champions
4760122961662,2020-12-30,738,47309.57,64.10510840108401,2019-01-03,14,2,1,2,1,121,4,1.33,Lost
4783226709001,2020-12-31,2202,132950.72,60.37725703905541,2019-01-01,14,1,5,4,3,543,12,4.0,Loyal Customers
4788103653396,2020-12-31,1465,105449.34,71.97907167235495,2019-01-01,14,1,5,2,3,523,10,3.33,New Customers
4806443445305,2020-12-31,743,49080.02,66.05655450874832,2019-01-05,14,1,5,2,1,521,8,2.67,New Customers
4807552641361,2020-12-31,734,47388.73,64.56230245231608,2019-01-01,14,1,5,1,1,511,7,2.33,New Customers
4809701904914,2020-12-31,2920,251414.61,86.10089383561643,2019-01-01,14,1,5,4,5,545,14,4.67,Champions
4844243189971,2019-05-21,10,5858.01,585.801,2019-05-20,6,591,1,1,1,111,3,1.0,Lost
4862293128558,2020-12-31,2916,178256.06,61.13033607681756,2019-01-01,14,1,5,4,4,544,13,4.33,Champions
4883407061576,2020-10-25,9,6267.82,696.4244444444444,2020-10-24,5,68,1,1,1,111,3,1.0,Lost
4900628639996,2020-12-31,3650,223272.63,61.17058356164384,2019-01-01,14,1,5,5,5,555,15,5.0,Champions
4917226033950,2020-12-31,743,45906.99,61.78598923283984,2019-01-01,14,1,5,2,1,521,8,2.67,New Customers
4957924165498,2020-12-31,1471,99966.11,67.95792658055744,2019-01-02,14,1,5,3,3,533,11,3.67,Loyal Customers
4975457191020,2019-09-14,7,4008.75,572.6785714285714,2019-09-13,4,475,1,1,1,111,3,1.0,Lost
4981132848794,2020-12-31,2190,138357.76,63.177059360730595,2019-01-01,14,1,5,3,3,533,11,3.67,Loyal Customers
4988304376504,2020-12-31,2927,186605.94,63.75331055688418,2019-01-01,14,1,5,5,4,554,14,4.67,Champions
4990494243023,2020-12-31,2925,179296.51,61.29795213675214,2019-01-01,14,1,5,5,4,554,14,4.67,Champions
30011465039817,2020-12-31,743,67161.01,90.39166890982503,2019-01-01,14,1,5,2,2,522,9,3.0,New Customers
30026790933302,2020-12-31,2920,270245.19,92.54972260273972,2019-01-01,14,1,5,4,5,545,14,4.67,Champions
30029052116970,2020-12-31,2926,167823.87,57.356073137388925,2019-01-01,14,1,5,5,4,554,14,4.67,Champions
30030380240193,2020-12-31,2924,273055.8,93.38433652530779,2019-01-01,14,1,5,5,5,555,15,5.0,Champions
30033162392091,2020-12-31,1472,143212.2,97.29089673913045,2019-01-01,14,1,5,3,4,534,12,4.0,Loyal Customers
30042378430132,2020-12-31,739,43525.22,58.89745602165088,2019-01-01,14,1,5,2,1,521,8,2.67,New Customers
30044330818990,2020-12-31,3650,313669.47,85.9368410958904,2019-01-01,14,1,5,5,5,555,15,5.0,Champions
30074693890476,2020-12-31,2933,259408.54,88.44478008864644,2019-01-01,14,1,5,5,5,555,15,5.0,Champions
30082025922891,2020-12-31,2195,154036.13,70.17591343963554,2019-01-01,14,1,5,4,4,544,13,4.33,Champions
30092964733035,2020-12-29,1460,123526.65,84.60729452054794,2019-01-01,14,3,1,2,3,123,6,2.0,Need Attention
30103132002433,2020-12-31,1469,126113.55,85.84993192648061,2019-01-01,14,1,5,3,3,533,11,3.67,Loyal Customers
30118423745458,2020-12-31,2921,175362.42,60.0350633344745,2019-01-01,14,1,5,4,4,544,13,4.33,Champions
30131826429364,2020-12-31,3653,316012.13,86.50756364631809,2019-01-01,14,1,5,5,5,555,15,5.0,Champions
30135235368675,2020-12-31,2196,192638.69,87.72253642987249,2019-01-01,14,1,5,4,4,544,13,4.33,Champions
30143535920989,2020-12-31,2193,144804.57,66.03035567715459,2019-01-01,14,1,5,3,4,534,12,4.0,Loyal Customers
30143713661454,2020-12-31,1469,99792.52,67.93228046289994,2019-01-01,14,1,5,3,3,533,11,3.67,Loyal Customers
30150717898388,2020-12-31,2195,132248.64,60.24994988610479,2019-01-02,14,1,5,4,3,543,12,4.0,Loyal Customers
30153452207526,2020-12-31,2195,141318.46,64.38198633257403,2019-01-01,14,1,5,4,3,543,12,4.0,Loyal Customers
30175986190993,2020-12-31,2917,179885.17,61.667867672266034,2019-01-01,14,1,5,4,4,544,13,4.33,Champions
30181367542315,2020-12-31,732,43430.45,59.33121584699453,2019-01-01,14,1,5,1,1,511,7,2.33,New Customers
30197398657930,2020-12-31,2919,258471.13,88.54783487495718,2019-01-01,14,1,5,4,5,545,14,4.67,Champions
30199621383748,2020-12-31,3658,313561.87,85.71948332422089,2019-01-01,14,1,5,5,5,555,15,5.0,Champions
30230540139182,2020-12-31,2193,205812.2,93.84961240310078,2019-01-01,14,1,5,3,5,535,13,4.33,Loyal Customers
30234966027947,2020-12-31,3649,211678.71,58.01006029049054,2019-01-01,14,1,5,5,5,555,15,5.0,Champions
30235268718158,2020-12-31,2195,160190.51,72.9797312072893,2019-01-01,14,1,5,4,4,544,13,4.33,Champions
30235438713303,2020-12-31,3650,214528.38,58.77489863013699,2019-01-01,14,1,5,5,5,555,15,5.0,Champions
30238755902988,2020-12-31,4369,240115.66,54.958951705195695,2019-01-01,14,1,5,5,5,555,15,5.0,Champions
30242921189660,2020-12-30,1464,95319.76,65.1091256830601,2019-01-01,14,2,1,2,2,122,5,1.67,Lost
30248898834493,2020-12-31,1465,90229.21,61.589904436860074,2019-01-01,14,1,5,2,2,522,9,3.0,New Customers
30263540414123,2020-12-31,2196,135276.49,61.601316029143895,2019-01-01,14,1,5,4,3,543,12,4.0,Loyal Customers
30266994494236,2020-12-31,2189,130751.75,59.73126998629511,2019-01-01,14,1,5,3,3,533,11,3.67,Loyal Customers
30270432095985,2020-12-31,4392,248056.36,56.47913479052823,2019-01-01,14,1,5,5,5,555,15,5.0,Champions
30273037698427,2020-12-31,4375,318278.46,72.74936228571428,2019-01-01,14,1,5,5,5,555,15,5.0,Champions
30290551782700,2020-12-31,2188,148410.19,67.82915447897624,2019-01-01,14,1,5,3,4,534,12,4.0,Loyal Customers
30328384440870,2020-12-31,2192,140910.45,64.2839644160584,2019-01-01,14,1,5,3,3,533,11,3.67,Loyal Customers
30343344410970,2020-12-31,2194,149035.73,67.928773928897,2019-01-01,14,1,5,4,4,544,13,4.33,Champions
30344654314976,2020-12-31,1464,88374.81,60.36530737704918,2019-01-01,14,1,5,2,2,522,9,3.0,New Customers
30357372465631,2020-12-30,737,44382.72,60.22078697421981,2019-01-02,14,2,1,1,1,111,3,1.0,Lost
30360260465747,2020-12-31,735,49567.27,67.438462585034,2019-01-01,14,1,5,1,1,511,7,2.33,New Customers
30364087349027,2020-12-31,2196,125354.34,57.08303278688525,2019-01-01,14,1,5,4,3,543,12,4.0,Loyal Customers
30371006069917,2020-12-31,1465,88897.6,60.68095563139932,2019-01-01,14,1,5,2,2,522,9,3.0,New Customers
30373802285317,2020-12-31,734,52232.91,71.16200272479564,2019-01-01,14,1,5,1,2,512,8,2.67,New Customers
30376238035123,2020-12-31,1467,95062.44,64.80057259713702,2019-01-01,14,1,5,3,2,532,10,3.33,Need Attention
30404291151692,2020-12-31,1465,134093.83,91.53162457337883,2019-01-01,14,1,5,2,3,523,10,3.33,New Customers
30407675418785,2020-12-31,2921,182870.09,62.60530297843204,2019-01-01,14,1,5,4,4,544,13,4.33,Champions
30408301059761,2020-12-31,738,64692.2,87.65880758807587,2019-01-03,14,1,5,2,2,522,9,3.0,New Customers
30427035050508,2020-12-31,1466,104759.71,71.45955661664394,2019-01-02,14,1,5,2,3,523,10,3.33,New Customers
30428204673351,2020-12-31,2920,280523.83,96.06980479452055,2019-01-01,14,1,5,4,5,545,14,4.67,Champions
30434173205605,2020-12-31,738,51885.53,70.30559620596206,2019-01-01,14,1,5,2,2,522,9,3.0,New Customers
30442439074871,2020-12-31,2198,201015.21,91.45368971792539,2019-01-01,14,1,5,4,5,545,14,4.67,Champions
30446018552504,2020-12-31,740,41996.1,56.751486486486485,2019-01-01,14,1,5,2,1,521,8,2.67,New Customers
30487648872433,2020-12-31,1470,88232.3,60.02197278911565,2019-01-01,14,1,5,3,2,532,10,3.33,Need Attention
30491348102802,2020-12-30,736,50821.65,69.05115489130435,2019-01-01,14,2,1,1,1,111,3,1.0,Lost
30499715231997,2019-09-10,12,7045.77,587.1475,2019-09-09,6,479,1,1,1,111,3,1.0,Lost
30501624614310,2020-12-31,2927,169417.4,57.8809019473864,2019-01-01,14,1,5,5,4,554,14,4.67,Champions
30510856607165,2020-12-31,739,49916.87,67.54650879566982,2019-01-01,14,1,5,2,1,521,8,2.67,New Customers
30518196150127,2020-12-31,734,49248.15,67.09557220708447,2019-01-01,14,1,5,1,1,511,7,2.33,New Customers
30518206766474,2020-12-31,2201,129502.34,58.83795547478419,2019-01-02,14,1,5,4,3,543,12,4.0,Loyal Customers
30541100351706,2020-12-31,736,46097.23,62.632105978260874,2019-01-02,14,1,5,1,1,511,7,2.33,New Customers
30546453310167,2020-12-31,1470,108004.48,73.47243537414965,2019-01-01,14,1,5,3,3,533,11,3.67,Loyal Customers
30551643947183,2020-12-31,3638,322052.06,88.5244804837823,2019-01-01,14,1,5,5,5,555,15,5.0,Champions
30560609640617,2020-12-31,2195,136853.79,62.34796810933941,2019-01-01,14,1,5,4,3,543,12,4.0,Loyal Customers
30561214688470,2020-12-31,2916,139235.41,47.748768861454046,2019-01-01,14,1,5,4,3,543,12,4.0,Loyal Customers
30570197515105,2020-12-29,736,53179.11,72.25422554347826,2019-01-02,14,3,1,1,2,112,4,1.33,Lost
30596478689301,2020-12-31,737,42054.43,57.06164179104478,2019-01-01,14,1,5,1,1,511,7,2.33,New Customers
36078114201167,2020-12-31,2924,176629.11,60.40667236662106,2019-01-01,14,1,5,5,4,554,14,4.67,Champions
36153880429415,2020-12-31,1466,121287.31,82.73349931787176,2019-01-01,14,1,5,2,3,523,10,3.33,New Customers
36192615525683,2020-12-31,739,65782.91,89.01611637347767,2019-01-01,14,1,5,2,2,522,9,3.0,New Customers
36360452125889,2020-12-31,737,48484.14,65.78580732700135,2019-01-01,14,1,5,1,1,511,7,2.33,New Customers
36485887555770,2020-12-31,2922,209149.37,71.57747091033538,2019-01-01,14,1,5,4,5,545,14,4.67,Champions
36581538659449,2020-12-29,738,46447.73,62.93730352303523,2019-01-01,14,3,1,2,1,121,4,1.33,Lost
36721445180895,2020-12-31,2198,139396.26,63.419590536851686,2019-01-01,14,1,5,4,3,543,12,4.0,Loyal Customers
36722699017270,2020-12-31,4383,382011.45,87.15752908966462,2019-01-01,14,1,5,5,5,555,15,5.0,Champions
36890292963032,2020-12-30,743,50202.8,67.56769851951549,2019-01-01,14,2,1,2,1,121,4,1.33,Lost
36913587729122,2020-12-31,3641,322400.6,88.54726723427629,2019-01-01,14,1,5,5,5,555,15,5.0,Champions
38014427445058,2020-12-31,739,51488.55,69.67327469553452,2019-01-01,14,1,5,2,2,522,9,3.0,New Customers
38052002992326,2020-12-31,3655,173534.58,47.478681258549926,2019-01-01,14,1,5,5,4,554,14,4.67,Champions
38057513087029,2020-12-31,2193,111616.97,50.89693114455084,2019-01-04,14,1,5,3,3,533,11,3.67,Loyal Customers
38199021865320,2020-12-31,2925,282811.42,96.68766495726496,2019-01-01,14,1,5,5,5,555,15,5.0,Champions
38295635583927,2020-12-31,2930,161556.75,55.13882252559727,2019-01-01,14,1,5,5,4,554,14,4.67,Champions
38530489946071,2020-12-31,2919,181321.16,62.11756080849606,2019-01-01,14,1,5,4,4,544,13,4.33,Champions
38534201672254,2019-10-26,9,4908.57,545.3966666666666,2019-10-25,5,433,1,1,1,111,3,1.0,Lost
38544312728630,2020-12-29,732,60576.42,82.75467213114754,2019-01-02,14,3,1,1,2,112,4,1.33,Lost
38580485618059,2020-12-31,2909,175150.3,60.20979718116191,2019-01-01,14,1,5,4,4,544,13,4.33,Champions
38588538868506,2020-12-31,2919,175014.09,59.95686536485098,2019-01-01,14,1,5,4,4,544,13,4.33,Champions
38797410705641,2020-12-31,2198,213758.47,97.25135122838944,2019-01-02,14,1,5,4,5,545,14,4.67,Champions
38817501916673,2019-01-30,8,3023.4,377.925,2019-01-29,5,702,1,1,1,111,3,1.0,Lost
38859492057661,2020-12-31,735,51394.34,69.92427210884354,2019-01-01,14,1,5,1,1,511,7,2.33,New Customers
38947654498698,2020-12-31,2191,118184.72,53.940994979461436,2019-01-01,14,1,5,3,3,533,11,3.67,Loyal Customers
180011453250192,2020-12-31,2922,281465.19,96.32621149897331,2019-01-03,14,1,5,4,5,545,14,4.67,Champions
180014262259255,2020-12-31,1468,101573.3,69.191621253406,2019-01-01,14,1,4,3,3,433,10,3.33,Loyal Customers
180017442990269,2020-12-31,1468,95618.8,65.13542234332425,2019-01-01,14,1,4,3,2,432,9,3.0,Need Attention
180018375329178,2020-12-31,2188,187750.39,85.8091361974406,2019-01-01,14,1,4,3,4,434,11,3.67,Loyal Customers
180020605265701,2020-10-01,12,7993.74,666.145,2020-09-30,5,92,1,1,1,111,3,1.0,Lost
180031190491743,2020-12-31,3655,330207.66,90.34409302325581,2019-01-01,14,1,4,5,5,455,14,4.67,Champions
180036456789979,2020-12-31,3655,206849.68,56.59361969904241,2019-01-01,14,1,4,5,5,455,14,4.67,Champions
180038493344495,2019-12-01,10,6697.65,669.765,2019-11-30,5,397,1,1,1,111,3,1.0,Lost
180040027502291,2020-12-31,739,50947.21,68.94074424898511,2019-01-01,14,1,4,2,1,421,7,2.33,New Customers
180040131978916,2019-12-21,9,8265.83,918.4255555555555,2019-12-20,4,377,1,1,1,111,3,1.0,Lost
180042946491150,2020-12-31,2921,167822.87,57.453909619993155,2019-01-01,14,1,4,4,4,444,12,4.0,Champions
180046165512893,2020-12-29,1472,98785.53,67.10973505434782,2019-01-01,14,3,1,3,3,133,7,2.33,Need Attention
180046617132290,2020-12-31,1464,103026.76,70.37346994535518,2019-01-01,14,1,4,2,3,423,9,3.0,New Customers
180046765320457,2020-12-31,1466,105525.22,71.98173260572987,2019-01-01,14,1,4,2,3,423,9,3.0,New Customers
180047222886866,2020-12-31,737,42839.23,58.12649932157395,2019-01-01,14,1,4,1,1,411,6,2.0,New Customers
180048185037117,2020-12-31,4382,382671.59,87.32806709265176,2019-01-01,14,1,4,5,5,455,14,4.67,Champions
180049032966888,2020-12-31,2931,271623.59,92.67266803138861,2019-01-01,14,1,4,5,5,455,14,4.67,Champions
180052752563109,2020-09-02,12,8308.8,692.4,2020-09-01,5,121,1,1,1,111,3,1.0,Lost
180056173248083,2020-12-31,1467,86100.52,58.691561008861626,2019-01-02,14,1,4,3,2,432,9,3.0,Need Attention
180058696935600,2020-12-31,736,56579.76,76.87467391304348,2019-01-01,14,1,4,1,2,412,7,2.33,New Customers
180064817343047,2020-12-31,2195,144209.37,65.69902961275626,2019-01-01,14,1,4,4,4,444,12,4.0,Champions
180065479077096,2020-12-31,2192,142974.69,65.22567974452555,2019-01-01,14,1,4,3,4,434,11,3.67,Loyal Customers
180067151859700,2020-12-31,2191,193603.22,88.36294842537654,2019-01-01,14,1,4,3,5,435,12,4.0,Loyal Customers
180067784565096,2020-12-31,2909,181805.92,62.497738054314205,2019-01-01,14,1,4,4,4,444,12,4.0,Champions
180068353086472,2020-12-31,738,68158.16,92.35523035230352,2019-01-01,14,1,4,2,2,422,8,2.67,New Customers
180069253480336,2020-12-31,1465,103559.67,70.68919453924914,2019-01-01,14,1,4,2,3,423,9,3.0,New Customers
180072527505094,2020-12-31,2188,137461.41,62.82514168190128,2019-01-01,14,1,4,3,3,433,10,3.33,Loyal Customers
180081032825079,2020-12-31,1462,85725.22,58.63558139534884,2019-01-01,14,1,4,2,2,422,8,2.67,New Customers
180084576295055,2020-12-31,2192,135841.94,61.97168795620438,2019-01-01,14,1,4,3,3,433,10,3.33,Loyal Customers
180084695172649,2020-12-31,735,68972.62,93.84029931972789,2019-01-01,14,1,4,1,2,412,7,2.33,New Customers
180094419304907,2020-12-31,4378,390810.52,89.26690726359068,2019-01-01,14,1,4,5,5,455,14,4.67,Champions
180094608895855,2020-12-31,741,52555.46,70.92504723346829,2019-01-01,14,1,4,2,2,422,8,2.67,New Customers
180097223252063,2020-04-26,7,3203.73,457.67571428571426,2020-04-25,2,250,1,1,1,111,3,1.0,Lost
180098888332620,2020-06-25,12,6463.8,538.65,2020-06-24,6,190,1,1,1,111,3,1.0,Lost
213102873001603,2020-12-31,2198,138416.69,62.9739262966333,2019-01-01,14,1,4,4,3,443,11,3.67,Loyal Customers
213107169859697,2020-12-31,730,68939.45,94.43760273972602,2019-01-01,14,1,4,1,2,412,7,2.33,New Customers
213112402583773,2020-12-31,4380,254834.08,58.18129680365296,2019-01-01,14,1,4,5,5,455,14,4.67,Champions
213113028819344,2020-12-30,1466,101454.34,69.20487039563437,2019-01-01,14,2,1,2,3,123,6,2.0,Need Attention
213113338379864,2020-12-31,737,50994.64,69.19218453188603,2019-01-01,14,1,4,1,1,411,6,2.0,New Customers
213114122496591,2020-12-31,1465,91248.13,62.28541296928328,2019-01-01,14,1,4,2,2,422,8,2.67,New Customers
213120463918358,2020-12-30,1463,89242.92,60.99994531784005,2019-01-01,14,2,1,2,2,122,5,1.67,Lost
213124978348176,2020-12-31,2187,131120.39,59.95445358939187,2019-01-01,14,1,4,3,3,433,10,3.33,Loyal Customers
213125815021702,2020-12-31,2196,132150.58,60.17785974499089,2019-01-02,14,1,4,4,3,443,11,3.67,Loyal Customers
213126662687660,2020-12-31,2189,136981.25,62.577089995431706,2019-01-01,14,1,4,3,3,433,10,3.33,Loyal Customers
213136802746375,2020-12-31,738,49209.11,66.6790108401084,2019-01-01,14,1,4,2,1,421,7,2.33,New Customers
213141712584544,2020-12-31,4371,383572.4,87.7539235872798,2019-01-01,14,1,4,5,5,455,14,4.67,Champions
213148039875802,2020-12-31,2197,198669.92,90.42781975421029,2019-01-01,14,1,4,4,5,445,13,4.33,Champions
213153151785052,2020-12-31,2190,101534.63,46.36284474885845,2019-01-02,14,1,4,3,3,433,10,3.33,Loyal Customers
213154573301411,2020-12-31,1472,146316.25,99.39962635869566,2019-01-01,14,1,4,3,4,434,11,3.67,Loyal Customers
213155997615567,2020-12-31,1469,144912.29,98.64689584751532,2019-01-02,14,1,4,3,4,434,11,3.67,Loyal Customers
213156747557083,2020-12-31,3648,241137.11,66.10118146929824,2019-01-01,14,1,4,5,5,455,14,4.67,Champions
213157767990030,2020-12-31,3643,339316.76,93.14212462256383,2019-01-01,14,1,4,5,5,455,14,4.67,Champions
213161231269724,2020-12-31,2194,144284.85,65.76337739288971,2019-01-01,14,1,4,4,4,444,12,4.0,Champions
213161293389774,2020-12-31,2194,150920.87,68.78799908842296,2019-01-01,14,1,4,4,4,444,12,4.0,Champions
213161869125933,2020-12-31,2199,131540.29,59.81823101409732,2019-01-01,14,1,4,4,3,443,11,3.67,Loyal Customers
213163860545705,2020-12-31,1463,138050.98,94.36157211209843,2019-01-01,14,1,4,2,3,423,9,3.0,New Customers
213173753804333,2020-12-31,2189,143207.67,65.42150296939242,2019-01-01,14,1,4,3,4,434,11,3.67,Loyal Customers
213174467670432,2020-12-31,2200,138278.35,62.853795454545455,2019-01-01,14,1,4,4,3,443,11,3.67,Loyal Customers
213175487106448,2020-12-31,2192,137385.58,62.67590328467153,2019-01-01,14,1,4,3,3,433,10,3.33,Loyal Customers
213178765398315,2020-12-31,2922,178182.9,60.97977412731006,2019-01-01,14,1,4,4,4,444,12,4.0,Champions
213178850083780,2020-12-31,2195,205494.87,93.61953075170842,2019-01-01,14,1,4,4,5,445,13,4.33,Champions
213180742685905,2020-12-31,2922,179085.26,61.28859000684463,2019-01-01,14,1,4,4,4,444,12,4.0,Champions
213186334552049,2020-12-31,1462,79217.09,54.1840560875513,2019-01-02,14,1,4,2,2,422,8,2.67,New Customers
213186551511454,2020-12-29,734,44724.21,60.93216621253406,2019-01-09,14,3,1,1,1,111,3,1.0,Lost
213186880359195,2020-12-30,737,75612.86,102.59546811397557,2019-01-01,14,2,1,1,2,112,4,1.33,Lost
213191402330021,2020-12-31,2190,102910.28,46.990995433789955,2019-01-01,14,1,4,3,3,433,10,3.33,Loyal Customers
213193596103206,2020-12-31,2916,273507.63,93.79548353909465,2019-01-01,14,1,4,4,5,445,13,4.33,Champions
213195754007681,2020-12-31,2196,135641.66,61.767604735883424,2019-01-01,14,1,4,4,3,443,11,3.67,Loyal Customers
213198837352314,2020-12-31,734,75441.51,102.78134877384196,2019-01-01,14,1,4,1,2,412,7,2.33,New Customers
213199865312311,2020-12-31,2192,134512.42,61.36515510948906,2019-01-01,14,1,4,3,3,433,10,3.33,Loyal Customers
340103199302564,2020-12-31,1463,96589.35,66.02142857142857,2019-01-02,14,1,4,2,3,423,9,3.0,New Customers
340187018810220,2019-01-03,7,1496.1,213.72857142857143,2019-01-02,2,729,1,1,1,111,3,1.0,Lost
340214844585279,2020-05-03,11,5767.01,524.2736363636363,2020-05-02,7,243,1,1,1,111,3,1.0,Lost
340951438290556,2020-12-31,2199,206736.5,94.01386994088222,2019-01-01,14,1,4,4,5,445,13,4.33,Champions
340953839692349,2020-12-31,3648,203121.68,55.6802850877193,2019-01-01,14,1,4,5,5,455,14,4.67,Champions
341283058448499,2020-12-31,1465,93783.25,64.01587030716723,2019-01-01,14,1,4,2,2,422,8,2.67,New Customers
341542810616333,2020-12-31,1472,86336.66,58.6526222826087,2019-01-01,14,1,4,3,2,432,9,3.0,Need Attention
341546199006537,2020-12-31,2203,142775.04,64.80936904221517,2019-01-01,14,1,4,4,4,444,12,4.0,Champions
342035762534413,2020-12-31,740,57820.67,78.13604054054053,2019-01-01,14,1,4,2,2,422,8,2.67,New Customers
342319985983023,2020-12-31,2199,206975.84,94.12271032287403,2019-01-01,14,1,4,4,5,445,13,4.33,Champions
342351256941125,2020-12-31,2187,192371.22,87.96123456790123,2019-01-01,14,1,4,3,4,434,11,3.67,Loyal Customers
342360239917375,2020-12-31,743,49646.92,66.81954239569313,2019-01-01,14,1,4,2,1,421,7,2.33,New Customers
342952484382519,2020-12-31,4382,255671.56,58.34586033774532,2019-01-01,14,1,4,5,5,455,14,4.67,Champions
343464013864032,2020-12-31,2195,147887.02,67.3744965831435,2019-01-01,14,1,4,4,4,444,12,4.0,Champions
343472729187663,2020-12-31,1465,94972.49,64.82763822525598,2019-01-01,14,1,4,2,2,422,8,2.67,New Customers
343668971234893,2020-12-31,2196,141629.59,64.49434881602915,2019-01-01,14,1,4,4,4,444,12,4.0,Champions
343746486082492,2020-12-31,2197,134664.21,61.294588074647244,2019-01-01,14,1,4,4,3,443,11,3.67,Loyal Customers
343819048608995,2020-12-31,1467,94657.33,64.5244239945467,2019-01-01,14,1,4,3,2,432,9,3.0,Need Attention
344342339068828,2020-12-31,2192,141201.15,64.41658302919707,2019-01-01,14,1,4,3,3,433,10,3.33,Loyal Customers
344709867813900,2020-12-31,4385,391922.65,89.37802736602053,2019-01-01,14,1,4,5,5,455,14,4.67,Champions
345060451158891,2020-12-31,1466,85799.34,58.52615279672578,2019-01-01,14,1,4,3,2,432,9,3.0,Need Attention
345225948700767,2019-04-29,10,6149.41,614.941,2019-04-28,5,613,1,1,1,111,3,1.0,Lost
345389171551808,2020-12-31,2921,161288.28,55.21680246490928,2019-01-01,14,1,4,4,4,444,12,4.0,Champions
345832460465610,2020-12-31,2198,152762.47,69.50066878980891,2019-01-01,14,1,4,4,4,444,12,4.0,Champions
345933964507467,2020-12-31,4378,247768.1,56.59390132480585,2019-01-01,14,1,4,5,5,455,14,4.67,Champions
346208242862904,2020-12-29,739,57988.13,78.46837618403248,2019-01-01,14,3,1,2,2,122,5,1.67,Lost
346243940647414,2020-12-31,739,49440.52,66.90192151556157,2019-01-06,14,1,4,2,1,421,7,2.33,New Customers
346273234529002,2020-12-31,3645,311147.3,85.36277091906722,2019-01-01,14,1,4,5,5,455,14,4.67,Champions
347073228412010,2020-12-31,1466,136301.66,92.97521145975443,2019-01-01,14,1,4,3,3,433,10,3.33,Loyal Customers
347399333635231,2020-10-04,10,4709.98,470.99799999999993,2020-10-03,7,89,1,1,1,111,3,1.0,Lost
347612609554823,2020-12-31,743,40545.36,54.56979811574697,2019-01-01,14,1,4,2,1,421,7,2.33,New Customers
348253506557335,2020-12-31,738,51775.91,70.15705962059621,2019-01-03,14,1,4,2,2,422,8,2.67,New Customers
348379466427142,2020-12-31,1461,100255.27,68.62099247091034,2019-01-01,14,1,4,2,3,423,9,3.0,New Customers
348789608637806,2020-12-31,2922,173560.45,59.39782683093772,2019-01-01,14,1,4,4,4,444,12,4.0,Champions
349612764943496,2020-12-31,2197,214295.12,97.53988165680474,2019-01-01,14,1,4,4,5,445,13,4.33,Champions
349813394357327,2019-10-29,8,6737.85,842.23125,2019-10-28,4,430,1,1,1,111,3,1.0,Lost
370348764075623,2020-12-31,1467,100231.3,68.32399454669394,2019-01-01,14,1,4,3,3,433,10,3.33,Loyal Customers
370612217861404,2020-12-31,2200,195849.82,89.02264545454545,2019-01-01,14,1,4,4,5,445,13,4.33,Champions
370818583810103,2020-12-31,1463,94271.59,64.43717703349282,2019-01-01,14,1,4,2,2,422,8,2.67,New Customers
370877495212014,2020-12-31,3644,308741.37,84.72595225027442,2019-01-01,14,1,4,5,5,455,14,4.67,Champions
371009169330125,2020-12-31,2190,122685.46,56.02075799086758,2019-01-01,14,1,4,3,3,433,10,3.33,Loyal Customers
371034293500716,2020-12-31,1467,95917.68,65.38355828220858,2019-01-01,14,1,4,3,2,432,9,3.0,Need Attention
371226440126102,2020-12-31,3646,212337.4,58.238453099286886,2019-01-01,14,1,4,5,5,455,14,4.67,Champions
371284100299909,2020-12-31,1469,84573.37,57.572069434989785,2019-01-03,14,1,4,3,2,432,9,3.0,Need Attention
371284424780634,2020-12-31,1460,96916.2,66.38095890410959,2019-01-01,14,1,4,2,3,423,9,3.0,New Customers
371683116218417,2020-12-30,740,48050.48,64.93308108108108,2019-01-01,14,2,1,2,1,121,4,1.33,Lost
371985236239474,2020-12-31,1458,91262.87,62.594561042524,2019-01-01,14,1,4,2,2,422,8,2.67,New Customers
372246459334925,2020-12-31,2199,140249.17,63.77861300591179,2019-01-01,14,1,4,4,3,443,11,3.67,Loyal Customers
372382441451095,2020-12-31,2198,150533.58,68.48661510464058,2019-01-01,14,1,4,4,4,444,12,4.0,Champions
372509258176510,2020-12-31,4379,401291.57,91.6400022836264,2019-01-01,14,1,4,5,5,455,14,4.67,Champions
372520049757633,2020-12-31,4376,313792.45,71.70759826325411,2019-01-01,14,1,4,5,5,455,14,4.67,Champions
372965408103277,2020-09-28,10,8598.82,859.882,2020-09-27,4,95,1,1,1,111,3,1.0,Lost
373043435942726,2020-12-31,1468,135037.12,91.98713896457765,2019-01-02,14,1,4,3,3,433,10,3.33,Loyal Customers
373213026644490,2020-12-30,738,48003.29,65.04510840108401,2019-01-07,14,2,1,2,1,121,4,1.33,Lost
373905417449658,2020-12-31,3648,318591.65,87.33323739035089,2019-01-01,14,1,4,5,5,455,14,4.67,Champions
374125201044065,2020-12-31,2192,147925.22,67.48413321167884,2019-01-01,14,1,4,3,4,434,11,3.67,Loyal Customers
374238209524200,2020-12-31,1472,87091.02,59.16509510869565,2019-01-01,14,1,4,3,2,432,9,3.0,Need Attention
374497717543058,2020-12-31,2923,180048.28,61.597085186452276,2019-01-01,14,1,4,5,4,454,13,4.33,Champions
374656033243756,2020-12-31,2189,130126.0,59.44540886249429,2019-01-01,14,1,4,3,3,433,10,3.33,Loyal Customers
374821819075109,2020-12-31,735,52178.97,70.99179591836734,2019-01-01,14,1,4,1,2,412,7,2.33,New Customers
374930071163758,2020-12-31,3647,234567.16,64.31783931998903,2019-01-01,14,1,4,5,5,455,14,4.67,Champions
375082648741747,2020-12-31,2926,163651.96,55.93026657552973,2019-01-01,14,1,4,5,4,454,13,4.33,Champions
375237305371366,2020-12-31,737,56686.06,76.91459972862958,2019-01-03,14,1,4,1,2,412,7,2.33,New Customers
375248307838179,2020-12-31,2920,177111.27,60.654544520547944,2019-01-01,14,1,4,4,4,444,12,4.0,Champions
375534208663984,2020-12-31,2922,278586.83,95.34114647501711,2019-01-01,14,1,4,5,5,455,14,4.67,Champions
375623337201129,2020-02-22,10,3273.02,327.302,2020-02-21,7,314,1,1,1,111,3,1.0,Lost
375767678113375,2020-12-31,2193,163438.58,74.5273962608299,2019-01-01,14,1,4,3,4,434,11,3.67,Loyal Customers
375848982312810,2020-12-31,2197,135389.8,61.62485207100591,2019-01-01,14,1,4,4,3,443,11,3.67,Loyal Customers
375904527651269,2020-12-31,1461,93620.97,64.08006160164271,2019-01-01,14,1,4,2,2,422,8,2.67,New Customers
375974680629816,2020-12-31,2927,175106.89,59.82469764263752,2019-01-01,14,1,4,5,4,454,13,4.33,Champions
376012912828093,2020-12-31,1464,95805.23,65.44073087431694,2019-01-01,14,1,4,2,2,422,8,2.67,New Customers
376028110684021,2020-12-31,2920,286923.06,98.26132191780822,2019-01-01,14,1,4,4,5,445,13,4.33,Champions
376262134119629,2020-12-31,1464,96624.16,66.00010928961748,2019-01-02,14,1,4,2,3,423,9,3.0,New Customers
376445266762684,2020-12-31,4378,247231.07,56.47123572407492,2019-01-01,14,1,4,5,5,455,14,4.67,Champions
376656886990758,2020-12-31,2198,155758.3,70.86364877161056,2019-01-01,14,1,4,4,4,444,12,4.0,Champions
376944481517097,2020-12-31,737,49485.72,67.14480325644504,2019-01-01,14,1,4,1,1,411,6,2.0,New Customers
377026671291680,2020-12-31,3654,217066.02,59.405041050903115,2019-01-01,14,1,4,5,5,455,14,4.67,Champions
377113842678100,2020-12-31,2923,167865.62,57.429223400615804,2019-01-01,14,1,4,5,4,454,13,4.33,Champions
377234009633447,2020-12-31,2929,179643.21,61.33260839877091,2019-01-01,14,1,4,5,4,454,13,4.33,Champions
377264520876399,2020-12-31,737,51290.81,69.5940434192673,2019-01-06,14,1,4,1,1,411,6,2.0,New Customers
377550167323848,2020-12-31,1455,112539.37,77.34664604810996,2019-01-01,14,1,4,2,3,423,9,3.0,New Customers
377654590313960,2020-12-31,2183,134776.52,61.739129638112686,2019-01-01,14,1,4,3,3,433,10,3.33,Loyal Customers
377834944388609,2020-12-31,737,54218.14,73.5659972862958,2019-01-08,14,1,4,1,2,412,7,2.33,New Customers
377895991033232,2020-12-31,1465,108288.11,73.91679863481228,2019-01-01,14,1,4,2,3,423,9,3.0,New Customers
377993105397617,2020-12-31,2918,171781.29,58.869530500342705,2019-01-02,14,1,4,4,4,444,12,4.0,Champions
378006354724784,2020-12-31,740,70264.77,94.95239189189189,2019-01-01,14,1,4,2,2,422,8,2.67,New Customers
378262805520186,2019-02-03,11,7229.89,657.2627272727273,2019-02-02,5,698,1,1,1,111,3,1.0,Lost
378278619832195,2020-12-31,2189,148205.24,67.70454088624942,2019-01-01,14,1,4,3,4,434,11,3.67,Loyal Customers
378858024506425,2020-12-31,1469,95496.69,65.00795779441798,2019-01-01,14,1,4,3,2,432,9,3.0,Need Attention
378904938837132,2020-12-31,2195,121808.68000000001,55.49370387243736,2019-01-01,14,1,4,4,3,443,11,3.67,Loyal Customers
379141394109214,2020-12-31,735,49452.24,67.28195918367346,2019-01-03,14,1,4,1,1,411,6,2.0,New Customers
379897244598068,2020-12-31,1460,96552.54,66.13187671232876,2019-01-02,14,1,4,2,3,423,9,3.0,New Customers
2222001896600109,2020-12-31,2196,124689.24,56.780163934426234,2019-01-01,14,1,4,4,3,443,11,3.67,Loyal Customers
2222157926772399,2020-12-31,733,40920.85,55.82653478854024,2019-01-02,14,1,4,1,1,411,6,2.0,New Customers
2224100459250597,2020-12-31,733,48075.63,65.5874897680764,2019-01-06,14,1,4,1,1,411,6,2.0,New Customers
2227671554547514,2020-12-31,745,67746.88,90.93540939597317,2019-01-01,14,1,4,2,2,422,8,2.67,New Customers
2229378226512508,2020-12-31,2197,205869.74,93.70493400091033,2019-01-01,14,1,4,4,5,445,13,4.33,Champions
2229824890647120,2020-12-31,744,51666.3,69.44395161290323,2019-01-01,14,1,4,2,2,422,8,2.67,New Customers
2231186809828225,2020-12-29,741,51953.28,70.11238866396761,2019-01-01,14,3,1,2,2,122,5,1.67,Lost
2233882705243596,2020-12-31,2196,141216.48,64.30622950819672,2019-01-01,14,1,4,4,3,443,11,3.67,Loyal Customers
2235335206132667,2020-12-31,738,47310.22,64.1059891598916,2019-01-01,14,1,4,2,1,421,7,2.33,New Customers
2235613922823698,2020-12-31,2924,174188.33,59.57193228454172,2019-01-01,14,1,4,5,4,454,13,4.33,Champions
2242176657877538,2020-12-22,10,6868.06,686.806,2020-12-21,5,10,1,1,1,111,3,1.0,Lost
2242542703101233,2020-12-31,4377,308008.45,70.36976239433402,2019-01-01,14,1,4,5,5,455,14,4.67,Champions
2248348993063230,2020-12-31,1470,97516.06,66.33745578231293,2019-01-01,14,1,4,3,3,433,10,3.33,Loyal Customers
2248735346244816,2020-12-31,2915,166520.42,57.12535849056604,2019-01-01,14,1,4,4,4,444,12,4.0,Champions
2252055259910912,2020-12-31,2923,269647.66,92.2503113239822,2019-01-01,14,1,4,5,5,455,14,4.67,Champions
2254799658404120,2020-12-30,2191,186263.98,85.01322683706071,2019-01-01,14,2,1,3,4,134,8,2.67,Cant Lose Them
2254917871818484,2020-12-31,3652,213825.56,58.55026286966046,2019-01-01,14,1,4,5,5,455,14,4.67,Champions
2256234701263057,2020-12-31,1466,102999.59,70.25892905866303,2019-01-02,14,1,4,3,3,433,10,3.33,Loyal Customers
2260801330657968,2020-12-31,738,56618.4,76.71869918699187,2019-01-01,14,1,4,2,2,422,8,2.67,New Customers
2264937662466770,2020-12-31,3650,209624.46,57.43135890410959,2019-01-01,14,1,4,5,5,455,14,4.67,Champions
2266735643685262,2020-12-31,2911,172323.63,59.19739951906561,2019-01-01,14,1,4,4,4,444,12,4.0,Champions
2268221587779419,2020-12-31,730,64798.68,88.76531506849315,2019-01-05,14,1,4,1,2,412,7,2.33,New Customers
2269768987945882,2020-12-31,2198,149003.92,67.79068243858053,2019-01-01,14,1,4,4,4,444,12,4.0,Champions
2274911989136158,2020-12-31,736,50896.06,69.1522554347826,2019-01-01,14,1,4,1,1,411,6,2.0,New Customers
2280870154157385,2020-12-31,732,49752.38,67.96773224043716,2019-01-03,14,1,4,1,1,411,6,2.0,New Customers
2283743876903625,2020-12-31,3646,184220.36,50.52670323642347,2019-01-01,14,1,4,5,4,454,13,4.33,Champions
2284059275940012,2020-12-31,737,54063.97,73.35681139755766,2019-01-01,14,1,4,1,2,412,7,2.33,New Customers
2285066385084291,2020-12-31,1467,95176.1,64.87805044308112,2019-01-01,14,1,4,3,2,432,9,3.0,Need Attention
2286236465059468,2020-12-31,2195,150190.18,68.42377220956719,2019-01-01,14,1,4,4,4,444,12,4.0,Champions
2287277963630565,2019-08-09,9,4539.62,504.40222222222224,2019-08-08,5,511,1,1,1,111,3,1.0,Lost
2288748891690227,2020-12-29,740,52172.51,70.5033918918919,2019-01-01,14,3,1,2,2,122,5,1.67,Lost
2288813824604479,2020-12-31,2195,182658.78,83.2158451025057,2019-01-01,14,1,4,4,4,444,12,4.0,Champions
2291163933867244,2020-12-31,2201,149353.44,67.85708314402544,2019-01-01,14,1,4,4,4,444,12,4.0,Champions
2295963260374698,2019-09-11,10,6807.75,680.775,2019-09-10,5,478,1,1,1,111,3,1.0,Lost
2296006538441789,2020-12-31,2929,144127.61,49.20710481392966,2019-01-01,14,1,4,5,4,454,13,4.33,Champions
2297447006766555,2020-12-31,2927,183841.7,62.80891697984285,2019-01-01,14,1,4,5,4,454,13,4.33,Champions
2305336922781618,2020-12-31,2199,141198.16,64.21016825829923,2019-01-01,14,1,4,4,3,443,11,3.67,Loyal Customers
2318062975163331,2020-12-31,739,49401.33,66.84889039242219,2019-01-01,14,1,4,2,1,421,7,2.33,New Customers
2348245054386329,2020-12-31,2198,148746.49,67.67356232939035,2019-01-01,14,1,4,4,4,444,12,4.0,Champions
2356276337669917,2020-12-31,1468,89242.42,60.79183923705722,2019-01-01,14,1,4,3,2,432,9,3.0,Need Attention
2358122155477959,2020-12-31,735,57497.57,78.22798639455782,2019-01-04,14,1,4,1,2,412,7,2.33,New Customers
2383461948823908,2020-12-31,2931,173773.3,59.288058683043324,2019-01-01,14,1,4,5,4,454,13,4.33,Champions
2450829271795901,2020-12-31,1469,87264.01,59.40368277739959,2019-01-01,14,1,4,3,2,432,9,3.0,Need Attention
2454076758463217,2020-12-31,739,74618.75,100.97259810554804,2019-01-02,14,1,4,2,2,422,8,2.67,New Customers
2475085306462014,2020-12-31,2197,210209.59,95.68028675466545,2019-01-01,14,1,4,4,5,445,13,4.33,Champions
2512312531485080,2020-12-31,1467,96276.95,65.62845944103613,2019-01-01,14,1,4,3,3,433,10,3.33,Loyal Customers
2576709887791552,2020-12-31,2190,162261.46,74.09199086757991,2019-01-01,14,1,4,3,4,434,11,3.67,Loyal Customers
2610529083834453,2020-12-31,742,73412.63,98.93885444743935,2019-01-01,14,1,4,2,2,422,8,2.67,New Customers
2657850734909997,2020-12-31,1462,99856.51,68.30130642954856,2019-01-01,14,1,4,2,3,423,9,3.0,New Customers
2703186189652095,2020-12-31,2927,261699.39,89.40874274000684,2019-01-01,14,1,4,5,5,455,14,4.67,Champions
2706977570537524,2020-12-31,2195,210379.48,95.84486560364465,2019-01-01,14,1,4,4,5,445,13,4.33,Champions
2712209726293386,2020-12-31,4372,396746.42,90.74712259835316,2019-01-01,14,1,4,5,5,455,14,4.67,Champions
2713913904780408,2020-12-31,2195,140878.67,64.1816264236902,2019-01-01,14,1,4,4,3,443,11,3.67,Loyal Customers
2714019737356678,2020-12-31,739,57791.57,78.2023951285521,2019-01-02,14,1,4,2,2,422,8,2.67,New Customers
2716017661090253,2020-03-29,8,5314.88,664.36,2020-03-28,4,278,1,1,1,111,3,1.0,Lost
2719496466799416,2020-12-31,1470,99515.87,67.69787074829932,2019-01-01,14,1,4,3,3,433,10,3.33,Loyal Customers
2720012583106919,2020-12-31,2916,272799.83,93.55275377229081,2019-01-01,14,1,4,4,5,445,13,4.33,Champions
2720433095629877,2020-12-31,4374,223164.55,51.02070187471422,2019-01-01,14,1,4,5,5,455,14,4.67,Champions
2720830304681674,2020-12-30,1467,135277.57,92.21374914792094,2019-01-01,14,2,1,3,3,133,7,2.33,Need Attention
2720894374956739,2020-12-31,1468,99900.43,68.05206403269754,2019-01-01,14,1,4,3,3,433,10,3.33,Loyal Customers
3500165543009955,2020-12-31,735,48413.78,65.86908843537415,2019-01-01,14,1,4,1,1,411,6,2.0,New Customers
3500969075198072,2020-12-31,3646,270323.85,74.14258091058694,2019-01-01,14,1,4,5,5,455,14,4.67,Champions
3501285649323933,2020-05-12,9,5523.45,613.7166666666667,2020-05-11,5,234,1,1,1,111,3,1.0,Lost
3501365119557234,2020-12-31,737,58575.87,79.47879240162823,2019-01-05,14,1,4,1,2,412,7,2.33,New Customers
3501509250702469,2020-12-31,2913,181011.4,62.139169241331956,2019-01-01,14,1,4,4,4,444,12,4.0,Champions
3501942333500073,2020-12-31,2931,156589.19,53.425175707949506,2019-01-01,14,1,4,5,4,454,13,4.33,Champions
3502088871723054,2020-12-31,3656,218185.05,59.67862417943107,2019-01-01,14,1,4,5,5,455,14,4.67,Champions
3502377050801561,2020-12-31,2191,143472.06,65.48245549977179,2019-01-01,14,1,4,3,4,434,11,3.67,Loyal Customers
3504178999463051,2020-12-31,2194,134007.08,61.07888787602552,2019-01-01,14,1,4,4,3,443,11,3.67,Loyal Customers
3506040590383211,2020-12-31,1460,143595.5,98.35308219178083,2019-01-01,14,1,4,2,4,424,10,3.33,New Customers
3506042666828517,2020-12-31,2195,136996.25,62.412870159453306,2019-01-01,14,1,3,4,3,343,10,3.33,Loyal Customers
3506592072985012,2020-12-31,2190,116544.28,53.21656621004566,2019-01-01,14,1,3,3,3,333,9,3.0,Loyal Customers
3508104404056005,2020-12-31,1468,87637.05,59.698262942779294,2019-01-01,14,1,3,3,2,332,8,2.67,Need Attention
3511058278399773,2020-12-31,738,48085.3,65.15623306233063,2019-01-01,14,1,3,2,1,321,6,2.0,Need Attention
3511378610369890,2020-12-31,3628,218917.53,60.341105292171996,2019-01-01,14,1,3,5,5,355,13,4.33,Loyal Customers
3512365128314616,2020-12-31,2918,159418.2,54.63269362577108,2019-01-01,14,1,3,4,4,344,11,3.67,Loyal Customers
3513285035244624,2020-12-31,738,56554.03,76.63147696476965,2019-01-01,14,1,3,2,2,322,7,2.33,Need Attention
3513506355699497,2020-12-31,1467,92693.8,63.18595773687798,2019-01-02,14,1,3,3,2,332,8,2.67,Need Attention
3513618443244549,2020-12-31,2919,167674.02,57.44228160328879,2019-01-01,14,1,3,4,4,344,11,3.67,Loyal Customers
3514865930894695,2020-12-31,2922,187231.94,64.0766392881588,2019-01-01,14,1,3,5,4,354,12,4.0,Loyal Customers
3514897282719543,2020-12-31,2190,155245.92,70.88854794520549,2019-01-01,14,1,3,3,4,334,10,3.33,Loyal Customers
3517527805128735,2020-12-31,2195,131047.2,59.70259681093394,2019-01-01,14,1,3,4,3,343,10,3.33,Loyal Customers
3517814635263522,2020-12-31,1462,92972.56,63.59272229822161,2019-01-01,14,1,3,2,2,322,7,2.33,Need Attention
3518234918950662,2020-12-31,3644,323296.7,88.72027991218441,2019-01-01,14,1,3,5,5,355,13,4.33,Loyal Customers
3518669219150142,2020-12-31,3654,185348.36,50.7247837985769,2019-01-01,14,1,3,5,4,354,12,4.0,Loyal Customers
3518758680062249,2020-12-31,2193,125592.83,57.26987232102143,2019-01-01,14,1,3,3,3,333,9,3.0,Loyal Customers
3519232971341141,2020-12-30,1467,99878.83,68.08372869802318,2019-01-01,14,2,1,3,3,133,7,2.33,Need Attention
3519607465576254,2020-12-31,2195,136720.1,62.28706150341686,2019-01-01,14,1,3,4,3,343,10,3.33,Loyal Customers
3520550088202337,2020-12-31,1477,113535.32,76.86886932972241,2019-01-01,14,1,3,3,3,333,9,3.0,Loyal Customers
3521260686633367,2019-10-20,15,9384.03,625.6020000000001,2019-10-19,6,439,1,1,1,111,3,1.0,Lost
3521417320836166,2020-12-31,4371,385330.11,88.15605353466026,2019-01-01,14,1,3,5,5,355,13,4.33,Loyal Customers
3521815216091574,2020-12-31,2195,212438.86000000002,96.7830797266515,2019-01-01,14,1,3,4,5,345,12,4.0,Loyal Customers
3523843138706408,2020-12-31,2932,157916.88,53.85978171896317,2019-01-01,14,1,3,5,4,354,12,4.0,Loyal Customers
3523898249167098,2020-12-31,2913,180460.09,61.94991074493649,2019-01-01,14,1,3,4,4,344,11,3.67,Loyal Customers
3524485462198080,2019-09-14,11,5342.77,485.7063636363637,2019-09-13,6,475,1,1,1,111,3,1.0,Lost
3524574586339330,2020-12-31,2193,190426.3,86.83369813041494,2019-01-01,14,1,3,3,4,334,10,3.33,Loyal Customers
3525590521269779,2020-12-31,3652,216293.9,59.22615005476451,2019-01-01,14,1,3,5,5,355,13,4.33,Loyal Customers
3525668150756629,2020-12-31,1468,144985.49,98.76395776566757,2019-01-01,14,1,3,3,4,334,10,3.33,Loyal Customers
3526826139003047,2020-12-31,2925,178888.53,61.158471794871794,2019-01-01,14,1,3,5,4,354,12,4.0,Loyal Customers
3527063666782582,2020-12-31,740,53707.659999999996,72.57791891891891,2019-01-06,14,1,3,2,2,322,7,2.33,Need Attention
3527536963490470,2020-12-31,3654,208921.18,57.176020799124245,2019-01-01,14,1,3,5,5,355,13,4.33,Loyal Customers
3528040995648998,2020-03-09,11,5007.6,455.23636363636365,2020-03-08,7,298,1,1,1,111,3,1.0,Lost
3528231451607350,2020-12-31,1467,101180.19,68.97081799591002,2019-01-03,14,1,3,3,3,333,9,3.0,Loyal Customers
3528407217576457,2020-12-31,1459,123589.99,84.70869773817684,2019-01-01,14,1,3,2,3,323,8,2.67,Need Attention
3529597810116815,2020-12-31,2197,122674.66,55.837350933090576,2019-01-01,14,1,3,4,3,343,10,3.33,Loyal Customers
3529597930342630,2020-12-31,1472,79159.29,53.776691576086954,2019-01-02,14,1,3,3,2,332,8,2.67,Need Attention
3529788038921264,2020-01-11,10,4788.19,478.81899999999996,2020-01-10,5,356,1,1,1,111,3,1.0,Lost
3530503964418806,2020-12-30,740,52842.82,71.40921621621622,2019-01-01,14,2,1,2,2,122,5,1.67,Lost
3531129874770000,2020-12-31,3647,325778.9,89.32791335344119,2019-01-01,14,1,3,5,5,355,13,4.33,Loyal Customers
3531606252458308,2020-12-31,738,53874.31,73.00042005420053,2019-01-03,14,1,3,2,2,322,7,2.33,Need Attention
3533012926413100,2020-12-31,2922,166546.5,56.997433264887064,2019-01-01,14,1,3,5,4,354,12,4.0,Loyal Customers
3533177016567295,2020-12-31,1469,90617.14,61.68627637848877,2019-01-01,14,1,3,3,2,332,8,2.67,Need Attention
3533742182628021,2020-12-31,3644,174778.56,47.96338090010977,2019-01-01,14,1,3,5,4,354,12,4.0,Loyal Customers
3533800906065217,2020-12-31,2203,141683.55,64.31391284611892,2019-01-01,14,1,3,4,4,344,11,3.67,Loyal Customers
3534093764340240,2020-12-31,743,59506.9,80.09004037685061,2019-01-01,14,1,3,2,2,322,7,2.33,Need Attention
3534330126107879,2020-12-31,2922,286343.14,97.99559890485969,2019-01-01,14,1,3,5,5,355,13,4.33,Loyal Customers
3534718226968689,2020-12-31,1467,89861.42,61.25522835719155,2019-01-02,14,1,3,3,2,332,8,2.67,Need Attention
3535211949888417,2020-03-13,8,6867.84,858.48,2020-03-12,4,294,1,1,1,111,3,1.0,Lost
3535808924394848,2020-12-31,2194,209017.32,95.26769371011851,2019-01-01,14,1,3,4,5,345,12,4.0,Loyal Customers
3536818734263520,2020-12-31,740,43933.42,59.36948648648649,2019-01-01,14,1,3,2,1,321,6,2.0,Need Attention
3536918668124647,2020-12-31,739,52741.31,71.36848443843031,2019-01-01,14,1,3,2,2,322,7,2.33,Need Attention
3537797820923602,2020-12-31,740,49161.54,66.43451351351351,2019-01-03,14,1,3,2,1,321,6,2.0,Need Attention
3538520143479972,2020-12-31,2190,132590.02,60.54338812785387,2019-01-01,14,1,3,3,3,333,9,3.0,Loyal Customers
3540017235499519,2020-12-31,735,70040.76,95.29355102040816,2019-01-05,14,1,3,1,2,312,6,2.0,Need Attention
3540075240003197,2020-12-31,2923,162613.41,55.632367430721864,2019-01-01,14,1,3,5,4,354,12,4.0,Loyal Customers
3540210836308425,2020-12-31,2193,209983.45,95.75168718650251,2019-01-01,14,1,3,3,5,335,11,3.67,Loyal Customers
3540416671210051,2020-07-03,8,3671.1400000000003,458.89250000000004,2020-07-02,5,182,1,1,1,111,3,1.0,Lost
3540862542587229,2020-12-31,742,50376.909999999996,67.89340970350403,2019-01-01,14,1,3,2,1,321,6,2.0,Need Attention
3541160328600277,2020-12-31,3643,269146.46,73.8804446884436,2019-01-01,14,1,3,5,5,355,13,4.33,Loyal Customers
3541554378551366,2020-12-31,742,59465.77,80.14254716981132,2019-01-01,14,1,3,2,2,322,7,2.33,Need Attention
3541687240161491,2020-12-31,738,44097.21,59.75231707317073,2019-01-01,14,1,3,2,1,321,6,2.0,Need Attention
3542162746848552,2020-12-31,742,45592.86,61.44590296495957,2019-01-01,14,1,3,2,1,321,6,2.0,Need Attention
3542826960473004,2020-01-23,10,4976.26,497.62600000000003,2020-01-22,6,344,1,1,1,111,3,1.0,Lost
3543299015720986,2020-12-31,1469,134205.43,91.35835942818244,2019-01-01,14,1,3,3,3,333,9,3.0,Loyal Customers
3543591270174051,2020-12-31,3649,203500.46,55.76882981638805,2019-01-01,14,1,3,5,5,355,13,4.33,Loyal Customers
3543885983111461,2019-02-26,11,8564.29,778.5718181818182,2019-02-25,5,675,1,1,1,111,3,1.0,Lost
3544606805704278,2020-12-31,744,52064.49,69.97915322580644,2019-01-01,14,1,3,2,2,322,7,2.33,Need Attention
3545109339866548,2020-12-31,4364,229249.53,52.531972960586614,2019-01-01,14,1,3,5,5,355,13,4.33,Loyal Customers
3545578418030657,2019-01-29,7,3595.25,513.6071428571429,2019-01-29,6,703,1,1,1,111,3,1.0,Lost
3546436741611231,2019-12-24,12,5098.57,424.8808333333333,2019-12-23,5,374,1,1,1,111,3,1.0,Lost
3546674063249004,2020-12-31,1469,90111.76,61.34224642614023,2019-01-01,14,1,3,3,2,332,8,2.67,Need Attention
3546897637165774,2020-12-31,2916,185561.92,63.63577503429356,2019-01-01,14,1,3,4,4,344,11,3.67,Loyal Customers
3547336099599450,2019-03-13,11,6462.6,587.5090909090909,2019-03-12,6,660,1,1,1,111,3,1.0,Lost
3547560454237873,2020-12-31,2193,135998.41,62.01477884176927,2019-01-01,14,1,3,3,3,333,9,3.0,Loyal Customers
3547574373318979,2020-12-31,2200,138644.53,63.02024090909091,2019-01-01,14,1,3,4,3,343,10,3.33,Loyal Customers
3548710338694745,2019-04-15,12,8350.56,695.88,2019-04-14,6,627,1,1,1,111,3,1.0,Lost
3549202406645667,2020-12-31,2196,144388.64,65.75074681238617,2019-01-01,14,1,3,4,4,344,11,3.67,Loyal Customers
3550412175018089,2020-09-05,11,7988.02,726.1836363636364,2020-09-04,5,118,1,1,1,111,3,1.0,Lost
3550554389581384,2020-12-31,738,68281.6,92.52249322493226,2019-01-02,14,1,3,2,2,322,7,2.33,Need Attention
3551217896304745,2020-12-31,4374,371788.97,84.99976451760402,2019-01-01,14,1,3,5,5,355,13,4.33,Loyal Customers
3551512895305309,2020-12-30,733,38899.12,53.06837653478854,2019-01-01,14,2,1,1,1,111,3,1.0,Lost
3552581383553463,2020-12-31,2191,146630.28,66.92390689183021,2019-01-01,14,1,3,3,4,334,10,3.33,Loyal Customers
3553629419254918,2020-12-31,4381,230929.04,52.71149052727688,2019-01-01,14,1,3,5,5,355,13,4.33,Loyal Customers
3554421171166228,2019-12-05,8,1348.53,168.56625,2019-12-04,5,393,1,1,1,111,3,1.0,Lost
3554818239968984,2020-12-30,742,72912.4,98.26469002695417,2019-01-03,14,2,1,2,2,122,5,1.67,Lost
3554849923339851,2020-12-30,1463,111467.84,76.19127819548872,2019-01-01,14,2,1,2,3,123,6,2.0,Need Attention
3556613125071656,2020-12-31,3661,184705.83,50.452288992078664,2019-01-01,14,1,3,5,4,354,12,4.0,Loyal Customers
3557442674264531,2020-12-31,740,57216.59,77.31971621621621,2019-01-01,14,1,3,2,2,322,7,2.33,Need Attention
3558652751678952,2020-12-31,2191,148914.04,67.9662437243268,2019-01-01,14,1,3,3,4,334,10,3.33,Loyal Customers
3558881852140592,2020-12-31,1466,96736.72,65.9868485675307,2019-01-01,14,1,3,3,3,333,9,3.0,Loyal Customers
3559160581764413,2020-12-31,2917,280880.0,96.29070963318478,2019-01-01,14,1,3,4,5,345,12,4.0,Loyal Customers
3559679414981506,2020-12-31,2191,196796.36,89.82033774532177,2019-01-01,14,1,3,3,5,335,11,3.67,Loyal Customers
3559723917628303,2020-12-31,1466,139478.12,95.14196452933152,2019-01-01,14,1,3,3,3,333,9,3.0,Loyal Customers
3560246577314524,2020-12-30,735,46944.28,63.86976870748299,2019-01-01,14,2,1,1,1,111,3,1.0,Lost
3560318482131952,2020-12-31,2919,177453.09,60.79242548818088,2019-01-01,14,1,3,4,4,344,11,3.67,Loyal Customers
3560336828629935,2020-12-31,734,40906.78,55.73130790190736,2019-01-01,14,1,3,1,1,311,5,1.67,Need Attention
3560697798177746,2020-12-31,2195,142218.48,64.79201822323463,2019-01-01,14,1,3,4,4,344,11,3.67,Loyal Customers
3560725013359375,2020-12-31,2915,180179.4,61.81111492281303,2019-01-01,14,1,3,4,4,344,11,3.67,Loyal Customers
3560797065840735,2020-12-31,4381,236318.47,53.94167313398768,2019-01-01,14,1,3,5,5,355,13,4.33,Loyal Customers
3561212938177173,2020-12-31,740,58474.11,79.01906756756757,2019-01-01,14,1,3,2,2,322,7,2.33,Need Attention
3561963695236764,2020-12-31,2189,204833.82,93.57415258108726,2019-01-01,14,1,3,3,5,335,11,3.67,Loyal Customers
3562264947797243,2020-12-30,742,52185.04,70.33024258760108,2019-01-01,14,2,1,2,2,122,5,1.67,Lost
3562679455732797,2020-12-31,1468,102232.44,69.64062670299728,2019-01-02,14,1,3,3,3,333,9,3.0,Loyal Customers
3562793934111141,2020-06-08,13,9097.310000000001,699.793076923077,2020-06-07,7,207,1,1,1,111,3,1.0,Lost
3563837241599446,2020-12-31,1467,84766.1,57.78193592365372,2019-01-01,14,1,3,3,2,332,8,2.67,Need Attention
3564182536169293,2020-12-31,1462,94005.85,64.29948700410397,2019-01-01,14,1,3,2,2,322,7,2.33,Need Attention
3564839259330465,2020-12-31,2919,179423.84,61.467571085988354,2019-01-02,14,1,3,4,4,344,11,3.67,Loyal Customers
3565196229855512,2020-12-31,1465,106059.89,72.39582935153584,2019-01-01,14,1,3,2,3,323,8,2.67,Need Attention
3565414434959494,2020-12-31,739,48823.92,66.06755074424898,2019-01-02,14,1,3,2,1,321,6,2.0,Need Attention
3565423334076143,2020-12-31,1461,100693.33,68.92082819986311,2019-01-01,14,1,3,2,3,323,8,2.67,Need Attention
3565943051129759,2020-12-31,739,52208.97,70.64813261163735,2019-01-01,14,1,3,2,2,322,7,2.33,Need Attention
3565996340207976,2020-12-31,739,47171.53,63.8315696887686,2019-01-01,14,1,3,2,1,321,6,2.0,Need Attention
3566094707272327,2020-12-31,4374,411669.98,94.11750800182898,2019-01-01,14,1,3,5,5,355,13,4.33,Loyal Customers
3566373869538620,2020-12-31,733,44809.59,61.13177353342428,2019-01-01,14,1,3,1,1,311,5,1.67,Need Attention
3566875419572867,2020-12-31,1467,147019.0,100.21745057941376,2019-01-01,14,1,3,3,4,334,10,3.33,Loyal Customers
3567527758368741,2020-12-31,1467,102965.13,70.18754601226995,2019-01-02,14,1,3,3,3,333,9,3.0,Loyal Customers
3567697931646329,2020-12-31,3656,182031.65,49.7898386214442,2019-01-01,14,1,3,5,4,354,12,4.0,Loyal Customers
3567879740649740,2020-12-31,2927,183966.3,62.851486163307136,2019-01-01,14,1,3,5,4,354,12,4.0,Loyal Customers
3568255211412877,2020-12-31,2920,174332.54,59.70292465753425,2019-01-01,14,1,3,4,4,344,11,3.67,Loyal Customers
3568736585751727,2020-12-31,2197,214788.48,97.76444242148385,2019-01-01,14,1,3,4,5,345,12,4.0,Loyal Customers
3572976568630035,2020-12-31,734,49030.71,66.79933242506812,2019-01-01,14,1,3,1,1,311,5,1.67,Need Attention
3573030041201292,2020-12-31,2926,172496.91,58.953147641831855,2019-01-01,14,1,3,5,4,354,12,4.0,Loyal Customers
3573386445588324,2020-12-31,1464,88308.28,60.31986338797814,2019-01-01,14,1,3,2,2,322,7,2.33,Need Attention
3575540972310993,2020-12-31,2202,125976.31,57.20995004541326,2019-01-01,14,1,3,4,3,343,10,3.33,Loyal Customers
3575789281659026,2020-12-31,4380,249376.45,56.93526255707763,2019-01-01,14,1,3,5,5,355,13,4.33,Loyal Customers
3576021480694169,2020-12-31,3664,184001.38,50.2187172489083,2019-01-01,14,1,3,5,4,354,12,4.0,Loyal Customers
3576144910346950,2020-12-29,734,48471.45,66.03739782016348,2019-01-02,14,3,1,1,1,111,3,1.0,Lost
3576207763781753,2020-05-08,9,5362.9,595.8777777777777,2020-05-07,6,238,1,1,1,111,3,1.0,Lost
3576281490078437,2020-12-31,737,75679.04,102.6852645861601,2019-01-03,14,1,3,1,2,312,6,2.0,Need Attention
3576431665303017,2020-12-31,4366,371366.48,85.05874484654146,2019-01-01,14,1,3,5,5,355,13,4.33,Loyal Customers
3576511691045060,2020-12-31,731,40368.87,55.22417236662107,2019-01-02,14,1,3,1,1,311,5,1.67,Need Attention
3577578023716568,2020-12-31,2922,268008.52999999997,91.72092060232717,2019-01-01,14,1,3,5,5,355,13,4.33,Loyal Customers
3577596616955856,2020-12-31,736,48160.06,65.43486413043478,2019-01-02,14,1,3,1,1,311,5,1.67,Need Attention
3577663406369449,2020-12-31,735,47444.92,64.55091156462585,2019-01-01,14,1,3,1,1,311,5,1.67,Need Attention
3577794103155425,2020-12-31,1470,90017.9,61.236666666666665,2019-01-01,14,1,3,3,2,332,8,2.67,Need Attention
3579200383632826,2020-12-31,737,68546.83,93.00791044776119,2019-01-02,14,1,3,1,2,312,6,2.0,Need Attention
3581130339108561,2020-12-31,733,58310.43,79.55038199181446,2019-01-03,14,1,3,1,2,312,6,2.0,Need Attention
3582402971899057,2020-12-31,738,50886.28,68.95159891598915,2019-01-07,14,1,3,2,1,321,6,2.0,Need Attention
3582754887089201,2020-12-31,2921,197739.98,67.69598767545361,2019-01-01,14,1,3,4,5,345,12,4.0,Loyal Customers
3583093681934489,2020-12-31,741,57913.86,78.15635627530365,2019-01-07,14,1,3,2,2,322,7,2.33,Need Attention
3583293909206278,2020-12-31,1460,83535.43,57.216047945205474,2019-01-01,14,1,3,2,2,322,7,2.33,Need Attention
3583635130604947,2020-12-31,4380,391381.21,89.35644063926941,2019-01-01,14,1,3,5,5,355,13,4.33,Loyal Customers
3583793405872580,2020-12-31,2918,169973.08,58.24985606579849,2019-01-01,14,1,3,4,4,344,11,3.67,Loyal Customers
3585052663373890,2020-12-31,1465,115789.56999999999,79.03724914675767,2019-01-01,14,1,3,2,3,323,8,2.67,Need Attention
3585740823295298,2020-12-31,2194,120367.78,54.8622515952598,2019-01-01,14,1,3,4,3,343,10,3.33,Loyal Customers
3586008444788268,2020-12-31,3651,332288.54,91.01302109011229,2019-01-01,14,1,3,5,5,355,13,4.33,Loyal Customers
3586955669388457,2020-12-31,1469,147858.91,100.65276378488768,2019-01-02,14,1,3,3,4,334,10,3.33,Loyal Customers
3587044315915002,2020-12-31,2196,212390.23,96.71686247723133,2019-01-01,14,1,3,4,5,345,12,4.0,Loyal Customers
3587960728692500,2020-12-31,2923,212883.78,72.83057817310981,2019-01-01,14,1,3,5,5,355,13,4.33,Loyal Customers
3588001568691267,2020-12-03,14,11641.22,831.5157142857142,2020-12-02,5,29,1,1,1,111,3,1.0,Lost
3589255887819806,2020-12-31,3653,235427.02,64.44758280865042,2019-01-01,14,1,3,5,5,355,13,4.33,Loyal Customers
3589289942931264,2020-12-31,3660,224387.58,61.30808196721311,2019-01-01,14,1,3,5,5,355,13,4.33,Loyal Customers
3590736522064285,2020-12-31,4372,394567.09,90.24864821591949,2019-01-01,14,1,3,5,5,355,13,4.33,Loyal Customers
3590946339258737,2020-04-19,9,6271.37,696.8188888888889,2020-04-18,5,257,1,1,1,111,3,1.0,Lost
3591919803438423,2020-12-31,2189,127606.08,58.294234810415716,2019-01-01,14,1,3,3,3,333,9,3.0,Loyal Customers
3592325941359225,2020-12-31,738,52520.42,71.16588075880759,2019-01-01,14,1,3,2,2,322,7,2.33,Need Attention
3592931352252641,2020-12-31,1468,109782.74,74.78388283378747,2019-01-01,14,1,3,3,3,333,9,3.0,Loyal Customers
3593118134380341,2020-12-31,2922,181425.55,62.089510609171796,2019-01-01,14,1,3,5,4,354,12,4.0,Loyal Customers
3593399694467427,2020-12-30,739,47458.36,64.21970230040596,2019-01-03,14,2,1,2,1,121,4,1.33,Lost
3595111028444131,2020-12-30,729,47131.98,64.6529218106996,2019-01-01,14,2,1,1,1,111,3,1.0,Lost
3595192916105588,2020-12-31,3654,222962.34,61.01870279146141,2019-01-01,14,1,3,5,5,355,13,4.33,Loyal Customers
3596217206093829,2020-12-31,4375,260066.5,59.44377142857143,2019-01-01,14,1,3,5,5,355,13,4.33,Loyal Customers
3596357274378601,2020-12-31,2909,179272.73,61.626926778961845,2019-01-01,14,1,3,4,4,344,11,3.67,Loyal Customers
3597337756918966,2020-12-31,1465,91206.14,62.25675085324232,2019-01-01,14,1,3,2,2,322,7,2.33,Need Attention
3597926034019603,2020-12-31,1462,89988.77,61.55182626538988,2019-01-01,14,1,3,2,2,322,7,2.33,Need Attention
3597980945245815,2020-12-31,738,46430.03,62.91331978319783,2019-01-01,14,1,3,2,1,321,6,2.0,Need Attention
3598014571045296,2020-12-31,1472,149317.67,101.43863451086958,2019-01-01,14,1,3,3,4,334,10,3.33,Loyal Customers
3598215285024754,2020-12-31,3650,319855.12,87.6315397260274,2019-01-01,14,1,3,5,5,355,13,4.33,Loyal Customers
3598304579370089,2020-12-31,2921,182219.23,62.38248202670319,2019-01-01,14,1,3,4,4,344,11,3.67,Loyal Customers
3598634130286287,2020-12-29,738,50145.43,67.94773712737127,2019-01-01,14,3,1,2,1,121,4,1.33,Lost
3598895972308782,2020-12-30,734,63637.24,86.6992370572207,2019-01-01,14,2,1,1,2,112,4,1.33,Lost
3599237318576484,2020-12-31,1471,89423.1,60.790686607749834,2019-01-01,14,1,3,3,2,332,8,2.67,Need Attention
4003771737807706,2020-12-31,1469,99956.47,68.0438869979578,2019-01-01,14,1,3,3,3,333,9,3.0,Loyal Customers
4003989662068504,2020-12-31,3650,239249.9,65.54791780821918,2019-01-01,14,1,3,5,5,355,13,4.33,Loyal Customers
4005676619255478,2020-12-31,3638,208092.01,57.199562946674,2019-01-01,14,1,3,5,5,355,13,4.33,Loyal Customers
4010002218955876,2020-12-31,2199,201125.59,91.46229649840836,2019-01-01,14,1,3,4,5,345,12,4.0,Loyal Customers
4025612008285111,2020-12-31,2193,138621.06,63.210697674418604,2019-01-01,14,1,3,3,3,333,9,3.0,Loyal Customers
4048508450704760,2020-12-31,2191,132244.34,60.35798265632131,2019-01-01,14,1,3,3,3,333,9,3.0,Loyal Customers
4060579726528237,2020-12-31,2193,150424.4,68.59297765617875,2019-01-01,14,1,3,4,4,344,11,3.67,Loyal Customers
4067137330196900,2020-12-31,2201,137557.86,62.497891867333024,2019-01-01,14,1,3,4,3,343,10,3.33,Loyal Customers
4069975342931683,2020-12-31,2913,256520.07,88.06044284243049,2019-01-01,14,1,3,4,5,345,12,4.0,Loyal Customers
4070511711385545,2020-12-31,1456,99171.33,68.1121771978022,2019-01-01,14,1,3,2,3,323,8,2.67,Need Attention
4087542780207162,2020-11-01,9,4175.17,463.90777777777777,2020-10-31,7,61,1,1,1,111,3,1.0,Lost
4099707841315751,2020-12-31,3655,234312.84,64.10748016415869,2019-01-01,14,1,3,5,5,355,13,4.33,Loyal Customers
4104312520615374,2020-12-31,1466,88888.37,60.63326739427012,2019-01-01,14,1,3,3,2,332,8,2.67,Need Attention
4116554952971686,2020-12-31,737,53123.47,72.08069199457259,2019-01-01,14,1,3,1,2,312,6,2.0,Need Attention
4119762878330989,2020-12-31,2195,143324.83,65.2960501138952,2019-01-01,14,1,3,4,4,344,11,3.67,Loyal Customers
4124536010991657,2020-12-29,739,57348.64,77.60303112313937,2019-01-02,14,3,1,2,2,122,5,1.67,Lost
4128027264554082,2020-12-30,2195,135765.66,61.852236902050116,2019-01-02,14,2,1,4,3,143,8,2.67,At Risk
4129767952109660,2020-12-31,1467,90201.44,61.487007498295846,2019-01-01,14,1,3,3,2,332,8,2.67,Need Attention
4134456652433447,2020-12-30,739,51674.78,69.92527740189445,2019-01-04,14,2,1,2,2,122,5,1.67,Lost
4147608975828480,2020-12-31,2915,189041.81,64.85139279588336,2019-01-01,14,1,3,4,4,344,11,3.67,Loyal Customers
4149238353975790,2020-12-31,2922,280792.0,96.09582477754962,2019-01-01,14,1,3,5,5,355,13,4.33,Loyal Customers
4155021259183870,2020-12-31,2923,166824.15,57.07292165583305,2019-01-01,14,1,3,5,4,354,12,4.0,Loyal Customers
4157213332670159,2019-02-23,8,4831.61,603.95125,2019-02-22,5,678,1,1,1,111,3,1.0,Lost
4158758517677931,2020-12-31,740,46299.94,62.56748648648649,2019-01-01,14,1,3,2,1,321,6,2.0,Need Attention
4158945090781624,2020-12-31,2920,155084.52,53.11113698630137,2019-01-01,14,1,3,4,4,344,11,3.67,Loyal Customers
4168696938629925,2019-08-25,15,10404.970000000001,693.6646666666668,2019-08-24,5,495,1,1,1,111,3,1.0,Lost
4169759661243568,2020-12-31,2921,162765.93,55.72267374186922,2019-01-01,14,1,3,4,4,344,11,3.67,Loyal Customers
4170689372027579,2020-12-31,3651,225404.43,61.73772391125719,2019-01-01,14,1,3,5,5,355,13,4.33,Loyal Customers
4171397999167005,2020-12-30,737,50888.6,69.0483039348711,2019-01-01,14,2,1,1,1,111,3,1.0,Lost
4173950183554608,2020-12-31,2924,198002.37,67.71626880984952,2019-01-01,14,1,3,5,5,355,13,4.33,Loyal Customers
4178097073221156,2020-12-31,2190,198308.05,90.5516210045662,2019-01-02,14,1,3,3,5,335,11,3.67,Loyal Customers
4179719215697782,2020-12-30,736,47336.5,64.31589673913044,2019-01-01,14,2,1,1,1,111,3,1.0,Lost
4191109180926792,2020-12-31,2195,181226.54,82.56334396355354,2019-01-01,14,1,3,4,4,344,11,3.67,Loyal Customers
4195832462863385,2020-12-31,734,44056.01,60.02181198910082,2019-01-03,14,1,3,1,1,311,5,1.67,Need Attention
4204237326785494,2019-02-13,13,6751.8099999999995,519.37,2019-02-12,6,688,1,1,1,111,3,1.0,Lost
4225628813173670,2020-04-07,7,3830.65,547.2357142857143,2020-04-06,3,269,1,1,1,111,3,1.0,Lost
4228411452607671,2020-12-29,737,42440.65,57.58568521031208,2019-01-01,14,3,1,1,1,111,3,1.0,Lost
4229733778084049,2020-12-31,2191,125336.18,57.205011410314924,2019-01-01,14,1,3,3,3,333,9,3.0,Loyal Customers
4239552724014407,2020-12-31,2192,154942.42,70.68541058394162,2019-01-01,14,1,3,3,4,334,10,3.33,Loyal Customers
4254074738931278,2020-12-31,1461,97751.67,66.90737166324435,2019-01-01,14,1,3,2,3,323,8,2.67,Need Attention
4260059589824237,2020-12-31,741,57277.64,77.29775978407557,2019-01-01,14,1,3,2,2,322,7,2.33,Need Attention
4265776278887457,2020-12-31,2918,186279.98,63.83823851953393,2019-01-01,14,1,3,4,4,344,11,3.67,Loyal Customers
4266200684857219,2020-12-31,1470,103258.41,70.24381632653062,2019-01-01,14,1,3,3,3,333,9,3.0,Loyal Customers
4277232699798846,2020-12-31,2193,133382.66,60.82200638394893,2019-01-01,14,1,3,4,3,343,10,3.33,Loyal Customers
4294040533480516,2020-12-31,2196,122315.82,55.699371584699456,2019-01-01,14,1,3,4,3,343,10,3.33,Loyal Customers
4302475216404898,2020-12-31,2195,148064.16,67.45519817767654,2019-01-01,14,1,3,4,4,344,11,3.67,Loyal Customers
4302480582202074,2020-12-31,3652,209451.23,57.35247261774371,2019-01-01,14,1,3,5,5,355,13,4.33,Loyal Customers
4306586894261180,2020-12-31,1464,105260.91,71.8995286885246,2019-01-05,14,1,3,2,3,323,8,2.67,Need Attention
4308156300921054,2020-12-31,736,74390.33,101.07381793478261,2019-01-03,14,1,3,1,2,312,6,2.0,Need Attention
4318414072191879,2020-05-06,9,3588.5,398.72222222222223,2020-05-05,5,240,1,1,1,111,3,1.0,Lost
4328928491302401,2020-12-31,2195,188505.44,85.8794715261959,2019-01-01,14,1,3,4,4,344,11,3.67,Loyal Customers
4334230547694630,2020-12-31,2927,203199.6,69.42248035531262,2019-01-01,14,1,3,5,5,355,13,4.33,Loyal Customers
4335531783520911,2020-12-31,741,45086.26,60.845155195681514,2019-01-01,14,1,3,2,1,321,6,2.0,Need Attention
4342532437704183,2020-12-31,2190,138361.9,63.178949771689496,2019-01-01,14,1,3,3,3,333,9,3.0,Loyal Customers
4344955088481397,2020-12-31,2199,205303.28,93.36211005002274,2019-01-01,14,1,3,4,5,345,12,4.0,Loyal Customers
4348786085525522,2020-12-31,737,72085.76,97.80971506105834,2019-01-02,14,1,3,1,2,312,6,2.0,Need Attention
4364010865167176,2020-12-31,4386,209986.08,47.87644322845417,2019-01-01,14,1,3,5,5,355,13,4.33,Loyal Customers
4365382885912355,2020-12-31,1469,144252.85,98.19799183117767,2019-01-01,14,1,3,3,4,334,10,3.33,Loyal Customers
4377338765909719,2020-12-31,2924,166274.65,56.86547537619699,2019-01-01,14,1,3,5,4,354,12,4.0,Loyal Customers
4378993458389626,2020-12-31,2193,143802.36000000002,65.57335157318742,2019-01-01,14,1,3,4,4,344,11,3.67,Loyal Customers
4384910379661778,2020-12-31,2189,157583.86000000002,71.98897213339426,2019-01-01,14,1,3,3,4,334,10,3.33,Loyal Customers
4412720572684931,2020-12-31,734,56302.659999999996,76.70662125340598,2019-01-01,14,1,3,1,2,312,6,2.0,Need Attention
4417677808209716,2020-09-05,11,8082.66,734.7872727272727,2020-09-04,4,118,1,1,1,111,3,1.0,Lost
4423489490781412,2020-12-31,2178,126581.39,58.11817722681359,2019-01-01,14,1,3,3,3,333,9,3.0,Loyal Customers
4424338559877976,2020-12-31,2909,186686.6,64.17552423513234,2019-01-01,14,1,3,4,4,344,11,3.67,Loyal Customers
4425161475596168,2020-12-31,730,50774.82,69.55454794520548,2019-01-01,14,1,3,1,1,311,5,1.67,Need Attention
4428154703770710,2020-12-31,1463,88559.47,60.53278879015721,2019-01-01,14,1,3,2,2,322,7,2.33,Need Attention
4430881574719618,2020-12-31,2915,183276.19,62.873478559176675,2019-01-01,14,1,3,4,4,344,11,3.67,Loyal Customers
4433091568498503,2020-12-31,740,62992.68,85.12524324324325,2019-01-01,14,1,3,2,2,322,7,2.33,Need Attention
4446368897795790,2020-12-31,2926,274318.69,93.75211551606289,2019-01-01,14,1,3,5,5,355,13,4.33,Loyal Customers
4449530933957323,2020-12-31,2923,180744.4,61.83523776941498,2019-01-01,14,1,2,5,4,254,11,3.67,At Risk
4450831335606294,2020-12-31,2925,194303.95,66.42870085470086,2019-01-01,14,1,2,5,5,255,12,4.0,At Risk
4451438912406400,2020-12-31,1456,106189.25,72.9321771978022,2019-01-01,14,1,2,2,3,223,7,2.33,Need Attention
4451952084362894,2020-12-31,2923,275906.69,94.3916147793363,2019-01-01,14,1,2,5,5,255,12,4.0,At Risk
4452366298769043,2020-12-31,3649,201944.11000000002,55.34231570293232,2019-01-01,14,1,2,5,5,255,12,4.0,At Risk
4474324669797121,2020-12-31,2193,137899.75,62.88178294573643,2019-01-01,14,1,2,4,3,243,9,3.0,At Risk
4482427013979020,2020-12-31,2190,134820.23,61.561748858447494,2019-01-01,14,1,2,3,3,233,8,2.67,Need Attention
4488941175228467,2020-12-31,1469,133330.6,90.76283185840708,2019-01-01,14,1,2,3,3,233,8,2.67,Need Attention
4492491748959010,2020-12-31,738,74040.46,100.32582655826559,2019-01-04,14,1,2,2,2,222,6,2.0,Lost
4492677353108006,2019-02-26,11,5764.55,524.0500000000001,2019-02-25,5,675,1,1,1,111,3,1.0,Lost
4501449508569485,2020-12-31,740,78330.36,105.85183783783783,2019-01-01,14,1,2,2,2,222,6,2.0,Lost
4509142395811241,2020-12-31,2923,182087.52,62.29473828258638,2019-01-01,14,1,2,5,4,254,11,3.67,At Risk
4509922033272157,2020-12-31,1469,86463.67,58.858863172226,2019-01-01,14,1,2,3,2,232,7,2.33,Need Attention
4514242065619750,2020-12-31,2909,255679.79,87.89267445857683,2019-01-01,14,1,2,4,5,245,11,3.67,At Risk
4518350514020532,2020-12-31,1467,88332.01,60.2126857532379,2019-01-01,14,1,2,3,2,232,7,2.33,Need Attention
4550599031376731,2020-12-31,2197,155928.49,70.97336822940373,2019-01-01,14,1,2,4,4,244,10,3.33,At Risk
4555104582813474,2020-12-31,742,79406.33,107.01661725067386,2019-01-03,14,1,2,2,2,222,6,2.0,Lost
4561368699336875,2020-12-31,1472,78602.43,53.39838994565217,2019-01-01,14,1,2,3,2,232,7,2.33,Need Attention
4570636521433188,2020-12-31,1459,126828.79,86.92857436600411,2019-01-03,14,1,2,2,3,223,7,2.33,Need Attention
4575255480814133,2020-05-13,9,6038.89,670.9877777777779,2020-05-12,6,233,1,1,1,111,3,1.0,Lost
4586810168620942,2020-12-31,4384,319819.1,72.95143704379562,2019-01-01,14,1,2,5,5,255,12,4.0,At Risk
4587577161160601,2020-12-31,2931,170197.81,58.06817127260321,2019-01-01,14,1,2,5,4,254,11,3.67,At Risk
4599285557366057,2020-12-31,1475,113715.12,77.09499661016949,2019-01-01,14,1,2,3,3,233,8,2.67,Need Attention
4607072969078276,2020-12-31,2193,122493.27,55.856484268125854,2019-01-01,14,1,2,4,3,243,9,3.0,At Risk
4610050989831291,2020-12-31,2193,205856.12,93.86963976288189,2019-01-01,14,1,2,4,5,245,11,3.67,At Risk
4610064888664703,2020-12-29,734,53943.48,73.4924795640327,2019-01-05,14,3,1,1,2,112,4,1.33,Lost
4629451965224809,2020-12-31,2201,107575.25,48.87562471603817,2019-01-01,14,1,2,4,3,243,9,3.0,At Risk
4633065159406313,2020-12-31,745,52397.590000000004,70.33233557046981,2019-01-01,14,1,2,2,2,222,6,2.0,Lost
4634955908138648,2020-12-31,2919,174680.06,59.84243233984241,2019-01-01,14,1,2,4,4,244,10,3.33,At Risk
4635330563105903,2020-12-31,1468,127105.26,86.58396457765667,2019-01-01,14,1,2,3,3,233,8,2.67,Need Attention
4642255475285942,2020-12-31,4386,259319.63,59.12440264477884,2019-01-01,14,1,2,5,5,255,12,4.0,At Risk
4651007077623147,2020-12-31,1466,89104.84,60.78092769440654,2019-01-02,14,1,2,3,2,232,7,2.33,Need Attention
4653879239169997,2020-12-31,3647,183013.51,50.18193309569509,2019-01-01,14,1,2,5,4,254,11,3.67,At Risk
4657269323674365,2020-12-31,1470,95836.75,65.19506802721088,2019-01-02,14,1,2,3,2,232,7,2.33,Need Attention
4658490815480264,2020-12-31,2916,183432.24,62.90543209876543,2019-01-01,14,1,2,4,4,244,10,3.33,At Risk
4669558618943766,2019-02-10,10,7323.65,732.365,2019-02-09,5,691,1,1,1,111,3,1.0,Lost
4670613943676271,2020-12-30,1467,93706.85,63.87651670074983,2019-01-02,14,2,1,3,2,132,6,2.0,Need Attention
4671727014157745,2020-12-31,2916,175317.34,60.122544581618655,2019-01-01,14,1,2,4,4,244,10,3.33,At Risk
4681601008538160,2020-12-31,3638,327919.35,90.13725948323254,2019-01-01,14,1,2,5,5,255,12,4.0,At Risk
4682744518117239,2020-12-31,734,45962.6,62.61934604904632,2019-01-02,14,1,2,1,1,211,4,1.33,Lost
4683520018489354,2020-12-31,2187,148145.53,67.73915409236398,2019-01-01,14,1,2,3,4,234,9,3.0,Cant Lose Them
4698163635895795,2020-12-31,737,45284.81,61.444789687924015,2019-01-04,14,1,2,1,1,211,4,1.33,Lost
4707867759656333,2020-12-31,2194,125899.68,57.383628076572464,2019-01-01,14,1,2,4,3,243,9,3.0,At Risk
4708992452821239,2020-12-31,2920,172973.0,59.23732876712329,2019-01-01,14,1,2,4,4,244,10,3.33,At Risk
4710792708725663,2020-12-31,1467,88600.34,60.395596455351054,2019-01-01,14,1,2,3,2,232,7,2.33,Need Attention
4713464490314802,2020-12-31,737,75281.65,102.14606512890094,2019-01-03,14,1,2,1,2,212,5,1.67,Lost
4716561796955522,2020-12-31,4365,229327.79,52.53786712485682,2019-01-01,14,1,2,5,5,255,12,4.0,At Risk
4725673654161314,2020-12-31,731,50716.65,69.37982216142271,2019-01-01,14,1,2,1,1,211,4,1.33,Lost
4727244663135968,2020-12-31,2194,146378.95,66.71784412032817,2019-01-01,14,1,2,4,4,244,10,3.33,At Risk
4734310647841293,2019-02-01,7,2494.25,356.32142857142856,2019-01-31,6,700,1,1,1,111,3,1.0,Lost
4740713119940984,2020-12-31,1467,103679.72,70.67465576005453,2019-01-01,14,1,2,3,3,233,8,2.67,Need Attention
4764202053279782,2020-12-31,739,43795.15,59.262719891745604,2019-01-01,14,1,2,2,1,221,5,1.67,Lost
4767265376804500,2020-12-31,736,51449.06,69.90361413043478,2019-01-01,14,1,2,1,1,211,4,1.33,Lost
4777065439639721,2020-12-31,2192,214121.9,97.68334854014599,2019-01-01,14,1,2,3,5,235,10,3.33,Cant Lose Them
4789911625179723,2020-12-31,741,63211.2,85.30526315789473,2019-01-01,14,1,2,2,2,222,6,2.0,Lost
4800395067176717,2020-12-31,2185,141221.38,64.63221052631579,2019-01-02,14,1,2,3,3,233,8,2.67,Need Attention
4822367783500458,2020-12-31,1463,89499.79,61.175522898154476,2019-01-01,14,1,2,2,2,222,6,2.0,Lost
4824023901222438,2020-12-31,739,46480.52,62.89650879566982,2019-01-02,14,1,2,2,1,221,5,1.67,Lost
4826655832045236,2020-12-31,2924,185841.02,63.55712038303693,2019-01-01,14,1,2,5,4,254,11,3.67,At Risk
4836998673805450,2020-12-31,4377,404503.72,92.41574594471098,2019-01-01,14,1,2,5,5,255,12,4.0,At Risk
4839043708100390,2020-12-31,1468,103603.98,70.57491825613079,2019-01-02,14,1,2,3,3,233,8,2.67,Need Attention
4839615922685395,2020-12-31,2926,178940.22,61.155235816814766,2019-01-01,14,1,2,5,4,254,11,3.67,At Risk
4841313716651064,2020-12-31,2923,279368.84,95.57606568593911,2019-01-01,14,1,2,5,5,255,12,4.0,At Risk
4859525594182537,2020-12-31,1466,89284.65,60.90358117326057,2019-01-01,14,1,2,3,2,232,7,2.33,Need Attention
4873783502705038,2020-12-31,2916,269320.02,92.35940329218107,2019-01-01,14,1,2,4,5,245,11,3.67,At Risk
4874006077381178,2020-12-31,745,44887.05,60.25107382550336,2019-01-03,14,1,2,2,1,221,5,1.67,Lost
4874017206859125,2020-12-31,2192,195793.38,89.32179744525547,2019-01-01,14,1,2,3,5,235,10,3.33,Cant Lose Them
4878364946692291,2020-12-30,732,45921.83,62.73474043715847,2019-01-02,14,2,1,1,1,111,3,1.0,Lost
4879265611163287,2020-12-31,741,75033.42,101.25967611336033,2019-01-01,14,1,2,2,2,222,6,2.0,Lost
4893092478075970,2020-05-10,10,8339.69,833.969,2020-05-09,5,236,1,1,1,111,3,1.0,Lost
4904681492230012,2020-12-31,4384,266455.17,60.779007755474446,2019-01-01,14,1,2,5,5,255,12,4.0,At Risk
4908846471916297,2020-12-31,4375,410045.55,93.72469714285714,2019-01-01,14,1,2,5,5,255,12,4.0,At Risk
4914700582394237,2020-12-31,736,49023.590000000004,66.60813858695653,2019-01-04,14,1,2,1,1,211,4,1.33,Lost
4917187576956394,2020-12-31,1458,84917.05,58.24214677640604,2019-01-01,14,1,2,2,2,222,6,2.0,Lost
4922710831011201,2020-12-31,1470,97748.86,66.4958231292517,2019-01-01,14,1,2,3,3,233,8,2.67,Need Attention
4926376199189801,2020-12-31,2202,201786.2,91.63769300635786,2019-01-01,14,1,2,4,5,245,11,3.67,At Risk
4933461930348832,2020-12-31,1466,91802.56,62.62111869031378,2019-01-01,14,1,2,3,2,232,7,2.33,Need Attention
4935858973307492,2020-12-31,2193,207808.51,94.75992248062016,2019-01-03,14,1,2,4,5,245,11,3.67,At Risk
4939976756738216,2020-12-31,4362,362607.38,83.12869784502521,2019-01-01,14,1,2,5,5,255,12,4.0,At Risk
4951647200979051,2020-12-31,2914,167221.52,57.385559368565545,2019-01-01,14,1,2,4,4,244,10,3.33,At Risk
4952583804639909,2020-12-31,1469,98479.84,67.0386929884275,2019-01-01,14,1,2,3,3,233,8,2.67,Need Attention
4961003488432306,2020-12-30,1468,88217.72,60.09381471389646,2019-01-02,14,2,1,3,2,132,6,2.0,Need Attention
4969856774088583,2020-12-31,1467,113195.56,77.16125426039537,2019-01-01,14,1,2,3,3,233,8,2.67,Need Attention
4972228199573984,2020-12-31,736,50066.48,68.02510869565218,2019-01-02,14,1,2,1,1,211,4,1.33,Lost
4979422371139333,2020-12-31,2924,210603.93,72.02596785225718,2019-01-01,14,1,2,5,5,255,12,4.0,At Risk
4986925034905735,2020-12-30,734,51516.61,70.18611716621254,2019-01-04,14,2,1,1,2,112,4,1.33,Lost
4996263498048679,2020-12-31,1465,84319.36,57.5558771331058,2019-01-01,14,1,2,2,2,222,6,2.0,Lost
4997733566924489,2020-12-31,2928,265181.09,90.56731215846996,2019-01-01,14,1,2,5,5,255,12,4.0,At Risk
4998109455173950,2020-12-31,2924,264908.48,90.59797537619698,2019-01-01,14,1,2,5,5,255,12,4.0,At Risk
5104807169438134,2020-12-31,1467,133605.86,91.07420586230401,2019-01-01,14,1,2,3,3,233,8,2.67,Need Attention
5127412150261034,2020-12-30,739,45138.98,61.08116373477673,2019-01-01,14,2,1,2,1,121,4,1.33,Lost
5130484058948421,2020-12-31,1468,149138.89,101.5932493188011,2019-01-01,14,1,2,3,4,234,9,3.0,Cant Lose Them
5144043920225212,2019-04-04,10,7068.08,706.808,2019-04-03,5,638,1,1,1,111,3,1.0,Lost
5152054598359927,2020-12-31,2188,131412.7,60.060648994515546,2019-01-01,14,1,2,3,3,233,8,2.67,Need Attention
5154903938030655,2020-12-29,744,68193.84,91.65838709677419,2019-01-01,14,3,1,2,2,122,5,1.67,Lost
5289285402893489,2020-12-31,744,46644.34,62.69400537634408,2019-01-01,14,1,2,2,1,221,5,1.67,Lost
5301645381939419,2019-03-26,11,4175.17,379.5609090909091,2019-03-25,4,647,1,1,1,111,3,1.0,Lost
5359543825610251,2020-12-31,2920,195402.01,66.91849657534247,2019-01-01,14,1,2,4,5,245,11,3.67,At Risk
5388659976630693,2020-12-31,2196,136866.87,62.32553278688524,2019-01-01,14,1,2,4,3,243,9,3.0,At Risk
5410056176712193,2020-12-30,737,44577.78,60.485454545454544,2019-01-11,14,2,1,1,1,111,3,1.0,Lost
5456712664803820,2020-12-31,1466,89057.74,60.74879945429741,2019-01-01,14,1,2,3,2,232,7,2.33,Need Attention
5456776410929288,2020-12-31,2919,178454.59,61.135522439191504,2019-01-01,14,1,2,4,4,244,10,3.33,At Risk
5501083170975659,2020-12-31,2190,141515.78,64.61907762557078,2019-01-01,14,1,2,3,3,233,8,2.67,Need Attention
5540636818935089,2020-12-31,3652,256083.49,70.12143756845563,2019-01-01,14,1,2,5,5,255,12,4.0,At Risk
5559857416065248,2020-12-31,2198,151487.6,68.92065514103732,2019-01-01,14,1,2,4,4,244,10,3.33,At Risk
5580563567307107,2020-12-31,1467,143366.26,97.72751192910702,2019-01-02,14,1,2,3,4,234,9,3.0,Cant Lose Them
5596347693144598,2020-12-31,2193,147369.64,67.20001823985409,2019-01-01,14,1,2,4,4,244,10,3.33,At Risk
6011099828110011,2020-04-29,9,4490.06,498.8955555555556,2020-04-28,5,247,1,1,1,111,3,1.0,Lost
6011104316292105,2020-12-31,3642,198883.45,54.60830587589237,2019-01-01,14,1,2,5,5,255,12,4.0,At Risk
6011109736646996,2020-12-31,4369,382037.47,87.44277180132752,2019-01-01,14,1,2,5,5,255,12,4.0,At Risk
6011148190095209,2020-12-31,2192,201012.21,91.70265054744524,2019-01-01,14,1,2,3,5,235,10,3.33,Cant Lose Them
6011149206456997,2020-12-30,738,72394.08,98.0949593495935,2019-01-01,14,2,1,2,2,122,5,1.67,Lost
6011197122270059,2020-12-31,734,46430.98,63.2574659400545,2019-01-03,14,1,2,1,1,211,4,1.33,Lost
6011231546538393,2020-12-31,1468,97061.55,66.1182220708447,2019-01-01,14,1,2,3,3,233,8,2.67,Need Attention
6011252220172077,2020-12-31,1460,106018.54,72.61543835616438,2019-01-03,14,1,2,2,3,223,7,2.33,Need Attention
6011305591981276,2020-12-31,1466,96552.63,65.861275579809,2019-01-01,14,1,2,3,3,233,8,2.67,Need Attention
6011329966782895,2020-12-31,2194,186388.61,84.95378760255241,2019-01-01,14,1,2,4,4,244,10,3.33,At Risk
6011348830550197,2020-12-31,3654,217286.54,59.465391351943076,2019-01-01,14,1,2,5,5,255,12,4.0,At Risk
6011360759745864,2020-12-30,1464,95867.63,65.48335382513662,2019-01-01,14,2,1,2,2,122,5,1.67,Lost
6011366578560244,2020-12-31,2934,152425.23,51.95133946830266,2019-01-01,14,1,2,5,4,254,11,3.67,At Risk
6011367958204270,2020-12-31,4380,406394.34,92.78409589041097,2019-01-01,14,1,2,5,5,255,12,4.0,At Risk
6011381817520024,2020-12-31,1459,79084.04,54.20427690198766,2019-01-01,14,1,2,2,2,222,6,2.0,Lost
6011382886333463,2020-12-31,1471,104144.99,70.79876954452753,2019-01-01,14,1,2,3,3,233,8,2.67,Need Attention
6011388901471808,2020-12-31,2920,180756.22,61.902815068493155,2019-01-01,14,1,2,4,4,244,10,3.33,At Risk
6011393492413821,2020-12-31,737,55330.21,75.0749118046133,2019-01-05,14,1,2,1,2,212,5,1.67,Lost
6011399591920186,2020-12-31,2923,158206.17,54.124587752309274,2019-01-01,14,1,2,5,4,254,11,3.67,At Risk
6011438889172900,2020-12-31,4385,400889.15,91.42283922462943,2019-01-01,14,1,2,5,5,255,12,4.0,At Risk
6011477612335392,2020-12-31,740,53872.69,72.80093243243243,2019-01-01,14,1,2,2,2,222,6,2.0,Lost
6011492816282597,2020-12-31,2187,128002.73,58.528911751257425,2019-01-01,14,1,2,3,3,233,8,2.67,Need Attention
6011504998544485,2020-12-31,4380,240463.97,54.900449771689495,2019-01-01,14,1,2,5,5,255,12,4.0,At Risk
6011518448009279,2020-03-21,10,5857.349999999999,585.7349999999999,2020-03-20,4,286,1,1,1,111,3,1.0,Lost
6011542681743618,2020-12-31,2918,161462.86,55.33339958875942,2019-01-01,14,1,2,4,4,244,10,3.33,At Risk
6011552879910390,2020-12-30,1472,151053.9,102.61813858695652,2019-01-01,14,2,1,3,4,134,8,2.67,Cant Lose Them
6011581063717667,2020-12-31,741,54977.19,74.19323886639677,2019-01-01,14,1,2,2,2,222,6,2.0,Lost
6011603272871604,2020-12-31,1467,102236.21,69.69066802999319,2019-01-01,14,1,2,3,3,233,8,2.67,Need Attention
6011626928491360,2020-12-31,1464,95204.85,65.03063524590165,2019-01-01,14,1,2,2,2,222,6,2.0,Lost
6011652924285713,2020-12-31,4379,245612.72,56.08876912537109,2019-01-01,14,1,2,5,5,255,12,4.0,At Risk
6011679934075347,2020-12-31,2196,131749.6,59.9952641165756,2019-01-01,14,1,2,4,3,243,9,3.0,At Risk
6011681934117244,2020-12-31,1467,96564.39,65.82439672801635,2019-01-01,14,1,2,3,3,233,8,2.67,Need Attention
6011693194885790,2020-12-31,3661,193206.87,52.77434307566239,2019-01-01,14,1,2,5,5,255,12,4.0,At Risk
6011706277606006,2020-12-31,737,53445.11,72.51710990502035,2019-01-01,14,1,2,1,2,212,5,1.67,Lost
6011724471098086,2020-12-31,3651,323859.39,88.70429745275267,2019-01-01,14,1,2,5,5,255,12,4.0,At Risk
6011732631674654,2019-03-16,7,5671.95,810.2785714285714,2019-03-15,4,657,1,1,1,111,3,1.0,Lost
6011826317034777,2019-04-29,9,4630.4400000000005,514.4933333333333,2019-04-28,5,613,1,1,1,111,3,1.0,Lost
6011860238257910,2020-12-31,2919,179310.74,61.42882494004796,2019-01-01,14,1,2,4,4,244,10,3.33,At Risk
6011893664860915,2020-12-31,4375,391014.87,89.37482742857142,2019-01-01,14,1,2,5,5,255,12,4.0,At Risk
6011917798331152,2020-12-31,1465,96810.4,66.0821843003413,2019-01-01,14,1,2,2,3,223,7,2.33,Need Attention
6011934240159560,2020-12-31,1467,141688.02,96.58351738241308,2019-01-01,14,1,2,3,4,234,9,3.0,Cant Lose Them
6011935564104173,2019-12-16,11,10437.0,948.8181818181819,2019-12-15,3,382,1,1,1,111,3,1.0,Lost
6011948324228984,2020-12-31,742,47620.01,64.17791105121294,2019-01-01,14,1,2,2,1,221,5,1.67,Lost
6011975266774121,2020-12-31,742,53948.15,72.70640161725068,2019-01-01,14,1,2,2,2,222,6,2.0,Lost
6011999606625827,2020-12-31,2196,146904.8,66.89653916211293,2019-01-01,14,1,2,4,4,244,10,3.33,At Risk
6500249000784905,2020-01-31,9,7192.92,799.2133333333334,2020-01-30,5,336,1,1,1,111,3,1.0,Lost
6501313409525696,2020-12-31,732,65588.17,89.60132513661202,2019-01-01,14,1,2,1,2,212,5,1.67,Lost
6502195877055606,2020-12-31,736,74527.62,101.26035326086956,2019-01-01,14,1,2,1,2,212,5,1.67,Lost
6506116513503136,2020-12-31,2929,268233.83,91.57863776032777,2019-01-01,14,1,2,5,5,255,12,4.0,At Risk
6506982560413523,2020-12-31,1468,129499.07,88.21462534059945,2019-01-01,14,1,2,3,3,233,8,2.67,Need Attention
6511349151405438,2020-12-31,2186,132341.49,60.540480329368705,2019-01-01,14,1,2,3,3,233,8,2.67,Need Attention
6515067575568369,2020-12-31,736,43399.95,58.967323369565214,2019-01-01,14,1,2,1,1,211,4,1.33,Lost
6517217825320610,2020-12-31,2923,181846.68,62.21234348272323,2019-01-01,14,1,2,5,4,254,11,3.67,At Risk
6517779374888867,2019-12-24,11,7066.92,642.4472727272728,2019-12-23,6,374,1,1,1,111,3,1.0,Lost
6523180720198790,2020-12-30,734,46574.15,63.4525204359673,2019-01-01,14,2,1,1,1,111,3,1.0,Lost
6524376634971418,2020-12-31,1470,104013.95,70.75778911564626,2019-01-02,14,1,2,3,3,233,8,2.67,Need Attention
6526448584969862,2020-12-31,737,53275.24,72.28662143826323,2019-01-01,14,1,2,1,2,212,5,1.67,Lost
6526777409109795,2020-12-29,740,53229.81,71.93217567567567,2019-01-01,14,3,1,2,2,122,5,1.67,Lost
6526955903501879,2020-12-31,741,51903.41,70.04508771929825,2019-01-04,14,1,2,2,2,222,6,2.0,Lost
6528911529051375,2020-12-31,1465,95894.58,65.45705119453925,2019-01-01,14,1,2,2,2,222,6,2.0,Lost
6534628260579800,2020-12-31,4383,226791.46,51.7434314396532,2019-01-01,14,1,2,5,5,255,12,4.0,At Risk
6535328428560433,2020-12-31,735,58740.61,79.91919727891157,2019-01-05,14,1,2,1,2,212,5,1.67,Lost
6538441737335434,2020-12-31,4392,336174.28,76.54241347905283,2019-01-01,14,1,2,5,5,255,12,4.0,At Risk
6538891242532018,2020-12-31,4386,383817.4,87.50966712266302,2019-01-01,14,1,2,5,5,255,12,4.0,At Risk
6539653032686894,2020-12-31,737,48933.77,66.39588873812754,2019-01-01,14,1,2,1,1,211,4,1.33,Lost
6540981358631302,2020-12-31,1461,93517.56,64.00928131416838,2019-01-01,14,1,2,2,2,222,6,2.0,Lost
6544734391390261,2020-12-31,2192,130531.21,59.54890967153285,2019-01-01,14,1,2,3,3,233,8,2.67,Need Attention
6547670341037171,2020-12-31,2195,138408.18,63.05611845102506,2019-01-01,14,1,2,4,3,243,9,3.0,At Risk
6550399784335736,2020-12-31,1467,93457.9,63.7068166325835,2019-01-04,14,1,2,3,2,232,7,2.33,Need Attention
6554245334757802,2020-12-31,2195,172083.14,78.39778587699317,2019-01-01,14,1,2,4,4,244,10,3.33,At Risk
6564459919350820,2020-12-31,738,45591.85,61.77757452574526,2019-01-01,14,1,2,2,1,221,5,1.67,Lost
6569097840281287,2020-12-31,739,54743.36,74.07761840324763,2019-01-03,14,1,2,2,2,222,6,2.0,Lost
6573561108825071,2020-12-31,2196,145455.54,66.23658469945356,2019-01-01,14,1,2,4,4,244,10,3.33,At Risk
6577777028615915,2019-12-08,7,6121.54,874.5057142857142,2019-12-07,4,390,1,1,1,111,3,1.0,Lost
6592074504369261,2020-12-31,733,69391.7,94.66807639836289,2019-01-01,14,1,2,1,2,212,5,1.67,Lost
6592243974328236,2020-12-31,1463,96065.86,65.66360902255639,2019-01-01,14,1,2,2,2,222,6,2.0,Lost
6592861994408652,2020-12-31,2190,122469.42,55.92210958904109,2019-01-01,14,1,2,3,3,233,8,2.67,Need Attention
6593250708747804,2020-12-31,2192,184343.36,84.09824817518248,2019-01-01,14,1,2,3,4,234,9,3.0,Cant Lose Them
6593939509150446,2020-12-31,739,65072.02,88.05415426251692,2019-01-01,14,1,2,2,2,222,6,2.0,Lost
6595970453799027,2020-12-31,2197,137511.87,62.59074647246245,2019-01-01,14,1,2,4,3,243,9,3.0,At Risk
6596735789587928,2020-12-31,1462,102073.83,69.81794117647058,2019-01-03,14,1,2,2,3,223,7,2.33,Need Attention
6597248210463122,2020-12-31,743,48398.68,65.13954239569314,2019-01-01,14,1,2,2,1,221,5,1.67,Lost
6597888193422452,2020-12-31,2923,185462.72,63.44944235374615,2019-01-01,14,1,2,5,4,254,11,3.67,At Risk
4018105808392773675,2020-12-31,1462,92477.15,63.25386456908344,2019-01-01,14,1,2,2,2,222,6,2.0,Lost
4040099974063068803,2020-12-31,2194,218684.93,99.67407930720145,2019-01-02,14,1,2,4,5,245,11,3.67,At Risk
4044436772018844508,2020-12-31,736,65177.06,88.55578804347826,2019-01-01,14,1,2,1,2,212,5,1.67,Lost
4045036286570100739,2020-12-31,1463,103293.47,70.60387559808612,2019-01-01,14,1,2,2,3,223,7,2.33,Need Attention
4063094974360571498,2020-12-31,1464,84294.44,57.57816939890711,2019-01-01,14,1,2,2,2,222,6,2.0,Lost
4089096483689733451,2020-12-31,2188,192820.3,88.12627970749543,2019-01-01,14,1,2,3,5,235,10,3.33,Cant Lose Them
4092452671396169678,2020-12-31,2926,178087.35,60.86375598086125,2019-01-02,14,1,2,5,4,254,11,3.67,At Risk
4102003771126577611,2020-12-31,2190,135772.85,61.996735159817355,2019-01-01,14,1,2,3,3,233,8,2.67,Need Attention
4110266553600176127,2020-12-31,738,40500.3,54.87845528455285,2019-01-01,14,1,2,2,1,221,5,1.67,Lost
4128730454058057622,2020-12-31,2920,175087.91,59.96161301369863,2019-01-01,14,1,2,4,4,244,10,3.33,At Risk
4162872756672112717,2019-08-25,10,6950.25,695.025,2019-08-24,5,495,1,1,1,111,3,1.0,Lost
4180192513916047166,2019-03-22,11,5113.92,464.9018181818182,2019-03-21,7,651,1,1,1,111,3,1.0,Lost
4181833256558613886,2020-12-31,3657,217090.91,59.36311457478808,2019-01-01,14,1,2,5,5,255,12,4.0,At Risk
4208110975550360171,2020-12-31,1470,140174.49,95.35679591836734,2019-01-01,14,1,2,3,3,233,8,2.67,Need Attention
4209696857872688515,2020-12-31,739,46509.6,62.935859269282815,2019-01-01,14,1,2,2,1,221,5,1.67,Lost
4210078554961359092,2020-12-31,2200,139613.79,63.46081363636364,2019-01-01,14,1,2,4,3,243,9,3.0,At Risk
4220495028289516646,2020-12-31,1468,96090.1,65.45647138964578,2019-01-01,14,1,2,3,2,232,7,2.33,Need Attention
4223708906367574214,2020-12-31,2928,284850.54,97.28502049180327,2019-01-01,14,1,2,5,5,255,12,4.0,At Risk
4225990116481262579,2020-12-31,1463,96237.12,65.78066985645933,2019-01-01,14,1,2,2,3,223,7,2.33,Need Attention
4226219726886852999,2020-12-31,730,64407.44,88.2293698630137,2019-01-01,14,1,2,1,2,212,5,1.67,Lost
4243521033756702612,2019-05-01,9,4944.02,549.3355555555556,2019-04-30,5,611,1,1,1,111,3,1.0,Lost
4244953610136705533,2020-12-31,736,74117.98,100.70377717391304,2019-01-01,14,1,2,1,2,212,5,1.67,Lost
4255397449664185994,2020-12-31,1460,101590.73,69.58269178082192,2019-01-01,14,1,2,2,3,223,7,2.33,Need Attention
4257110907449569602,2019-01-25,10,4693.06,469.30600000000004,2019-01-24,6,707,1,1,1,111,3,1.0,Lost
4292743669224718067,2020-12-31,2189,127978.92,58.46455915943353,2019-01-01,14,1,2,3,3,233,8,2.67,Need Attention
4292902571056973207,2020-12-31,2196,152386.14,69.39259562841531,2019-01-01,14,1,2,4,4,244,10,3.33,At Risk
4301028321766222513,2020-12-31,2931,284021.8,96.90269532582735,2019-01-01,14,1,2,5,5,255,12,4.0,At Risk
4311368326621416041,2020-12-31,1461,90784.65,62.138706365503076,2019-01-01,14,1,2,2,2,222,6,2.0,Lost
4312133045694601139,2020-12-31,1467,97728.44,66.61788684389911,2019-01-01,14,1,2,3,3,233,8,2.67,Need Attention
4319584480204988982,2020-12-31,2919,179789.35,61.59278862624186,2019-01-01,14,1,2,4,4,244,10,3.33,At Risk
4352307151555405069,2020-07-31,7,4253.58,607.6542857142857,2020-07-30,5,154,1,1,1,111,3,1.0,Lost
4355790796238264643,2020-12-31,2199,141488.1,64.34201909959073,2019-01-01,14,1,2,4,3,243,9,3.0,At Risk
4358137750029944984,2020-12-31,1467,84905.64,57.877055214723924,2019-01-01,14,1,2,3,2,232,7,2.33,Need Attention
4373370572092720777,2020-12-29,736,38837.24,52.76798913043478,2019-01-06,14,3,1,1,1,111,3,1.0,Lost
4379260813815979609,2020-12-31,2193,135049.42,61.582042863657094,2019-01-01,14,1,2,4,3,243,9,3.0,At Risk
4390966588600992777,2020-12-31,1466,102557.25,69.95719645293315,2019-01-02,14,1,2,3,3,233,8,2.67,Need Attention
4400011257587661852,2020-12-31,2930,177731.09,60.65907508532423,2019-01-01,14,1,2,5,4,254,11,3.67,At Risk
4410582919485061752,2020-12-31,1460,94390.77,64.65121232876713,2019-01-01,14,1,2,2,2,222,6,2.0,Lost
4426075337087318654,2020-12-30,737,43643.59,59.21789687924016,2019-01-03,14,2,1,1,1,111,3,1.0,Lost
4428780983793657331,2020-12-31,1468,107967.99,73.54767711171662,2019-01-01,14,1,2,3,3,233,8,2.67,Need Attention
4457136361520330110,2020-04-08,8,2444.53,305.56625,2020-04-07,5,268,1,1,1,111,3,1.0,Lost
4457732997086323466,2020-12-31,2925,276246.4,94.44321367521368,2019-01-01,14,1,2,5,5,255,12,4.0,At Risk
4462038234743679432,2020-12-29,738,47028.57,63.72434959349594,2019-01-01,14,3,1,2,1,121,4,1.33,Lost
4467456915153312231,2020-12-31,1463,95421.07,65.22287764866712,2019-01-01,14,1,2,2,2,222,6,2.0,Lost
4469777115158234880,2020-12-31,2919,161180.51,55.217714970880444,2019-01-01,14,1,2,4,4,244,10,3.33,At Risk
4477156602511939689,2020-12-31,1462,129223.11,88.3879001367989,2019-01-01,14,1,2,2,3,223,7,2.33,Need Attention
4481172224716138389,2019-07-12,8,4715.7300000000005,589.4662500000001,2019-07-11,5,539,1,1,1,111,3,1.0,Lost
4488258847705225890,2020-12-31,2196,148219.38,67.49516393442623,2019-01-01,14,1,2,4,4,244,10,3.33,At Risk
4497451418073897078,2020-12-31,1464,124426.73,84.99093579234973,2019-01-01,14,1,1,2,3,123,6,2.0,Need Attention
4497913965512794052,2020-12-31,1461,119421.81999999999,81.73978097193702,2019-01-01,14,1,1,2,3,123,6,2.0,Need Attention
4502539526809429801,2020-12-31,2198,159134.18,72.39953594176524,2019-01-01,14,1,1,4,4,144,9,3.0,At Risk
4503101193493052864,2020-12-31,2190,197121.78,90.00994520547945,2019-01-01,14,1,1,3,5,135,9,3.0,Cant Lose Them
4512828414983801773,2020-12-31,4384,250072.42,57.042066605839416,2019-01-01,14,1,1,5,5,155,11,3.67,At Risk
4536996888716062123,2020-12-31,3653,208887.3,57.18239802901724,2019-01-01,14,1,1,5,5,155,11,3.67,At Risk
4560004149983868183,2020-12-31,2193,204843.8,93.4080255357957,2019-01-01,14,1,1,4,5,145,10,3.33,At Risk
4560395181594436016,2020-12-31,2925,257620.6,88.0754188034188,2019-01-01,14,1,1,5,5,155,11,3.67,At Risk
4584931703207308232,2020-12-31,2190,190813.92,87.12964383561645,2019-01-01,14,1,1,3,4,134,8,2.67,Cant Lose Them
4587657402165341815,2020-12-31,4373,322855.31,73.82924994283101,2019-01-01,14,1,1,5,5,155,11,3.67,At Risk
4599735407877245080,2020-12-31,1466,96104.05,65.55528649386085,2019-01-01,14,1,1,3,2,132,6,2.0,Need Attention
4646845581490336108,2020-12-31,3654,334441.74,91.5275697865353,2019-01-01,14,1,1,5,5,155,11,3.67,At Risk
4653178848915023204,2020-12-31,1461,78786.5,53.926420260095824,2019-01-01,14,1,1,2,2,122,5,1.67,Lost
4659625317833446364,2019-03-15,12,8131.43,677.6191666666667,2019-03-14,5,658,1,1,1,111,3,1.0,Lost
4661996144291811856,2020-12-31,1464,94803.54,64.75651639344262,2019-01-01,14,1,1,2,2,122,5,1.67,Lost
4666314527820883145,2020-12-31,740,73275.54,99.02099999999999,2019-01-01,14,1,1,2,2,122,5,1.67,Lost
4689147265057948423,2020-12-31,2186,137821.62,63.04740164684355,2019-01-01,14,1,1,3,3,133,7,2.33,Need Attention
4710826438164847414,2020-12-31,2200,139670.66,63.48666363636364,2019-01-01,14,1,1,4,3,143,8,2.67,At Risk
4714017207228610634,2019-02-13,7,4900.65,700.092857142857,2019-02-12,3,688,1,1,1,111,3,1.0,Lost
4715741951931168360,2020-12-31,2180,137409.84,63.032036697247705,2019-01-01,14,1,1,3,3,133,7,2.33,Need Attention
4725837176265195730,2020-12-31,743,87506.06,117.77397039030956,2019-01-01,14,1,1,2,2,122,5,1.67,Lost
4736845434667908128,2020-12-31,2926,182251.33,62.28685235816814,2019-01-01,14,1,1,5,4,154,10,3.33,At Risk
4742883543039288059,2020-12-31,2186,119606.16,54.71462031107045,2019-01-01,14,1,1,3,3,133,7,2.33,Need Attention
4756039869079882102,2020-12-31,736,45363.23,61.63482336956522,2019-01-01,14,1,1,1,1,111,3,1.0,Lost
4761403817546679245,2020-12-31,2201,122453.45,55.63537028623353,2019-01-01,14,1,1,4,3,143,8,2.67,At Risk
4769426683924058915,2020-12-31,2924,181378.46,62.03093707250342,2019-01-01,14,1,1,5,4,154,10,3.33,At Risk
4792627764422477317,2020-12-31,4357,366576.78,84.13513426669728,2019-01-01,14,1,1,5,5,155,11,3.67,At Risk
4797297220948468262,2020-12-31,3653,205713.52,56.31358335614563,2019-01-01,14,1,1,5,5,155,11,3.67,At Risk
4798937978667559470,2020-12-31,734,51195.99,69.74930517711171,2019-01-01,14,1,1,1,1,111,3,1.0,Lost
4810789809665942990,2020-12-31,2200,133544.58,60.70208181818181,2019-01-01,14,1,1,4,3,143,8,2.67,At Risk
4810839835482794272,2020-12-31,2920,187491.71,64.2094897260274,2019-01-01,14,1,1,4,4,144,9,3.0,At Risk
4855488158131690372,2020-12-31,2927,278744.42,95.23212162623847,2019-01-01,14,1,1,5,5,155,11,3.67,At Risk
4855853415727304322,2020-12-31,735,54367.13,73.96888435374149,2019-01-01,14,1,1,1,2,112,4,1.33,Lost
4861310130652566408,2020-12-31,3643,312588.73,85.80530606642876,2019-01-01,14,1,1,5,5,155,11,3.67,At Risk
4890424426862856940,2020-12-31,2189,133694.48,61.07559616263134,2019-01-01,14,1,1,3,3,133,7,2.33,Need Attention
4897067971111209737,2020-12-31,1471,95881.06,65.18087015635622,2019-01-04,14,1,1,3,2,132,6,2.0,Need Attention
4906628655840914250,2020-12-31,3655,198259.82,54.24345280437757,2019-01-01,14,1,1,5,5,155,11,3.67,At Risk
4911818930706644725,2019-03-15,9,4817.48,535.2755555555555,2019-03-14,4,658,1,1,1,111,3,1.0,Lost
4956828990005111019,2020-12-31,3657,218900.92,59.85805851791086,2019-01-01,14,1,1,5,5,155,11,3.67,At Risk
4958589671582726883,2020-12-30,2191,147247.47,67.20560018256504,2019-01-01,14,2,1,3,4,134,8,2.67,Cant Lose Them
4973530368125489546,2020-12-31,1467,111182.68000000001,75.78914792092706,2019-01-03,14,1,1,3,3,133,7,2.33,Need Attention
4980323467523543940,2020-12-31,736,52042.18,70.70948369565217,2019-01-02,14,1,1,1,2,112,4,1.33,Lost
4989847570577635369,2020-12-31,1471,136816.15,93.00893949694085,2019-01-02,14,1,1,3,3,133,7,2.33,Need Attention
4992346398065154184,2020-12-31,2922,194184.55,66.45604038329911,2019-01-01,14,1,1,5,5,155,11,3.67,At Risk
